Date,Comp845,Comp793,Comp581,Comp135,Comp477,Comp298
2008-01-02,41.334949,29.844723,,34.215664,96.25,49.509022
2008-01-03,41.324924,29.639481,,33.836288,95.209999,48.76791
2008-01-04,40.738297,28.96714,,33.354778,88.790001,47.699825
2008-01-07,41.19455,29.257311,,33.967621,88.82,47.939606
2008-01-08,40.412373,28.096649,,33.537174,87.879997,47.205761
2008-01-09,40.512661,28.492971,,34.215664,85.220001,48.876884
2008-01-10,40.507648,29.250237,,35.309975,84.260002,50.758743
2008-01-11,39.895943,28.917616,,34.813896,81.080002,48.26656
2008-01-14,39.805683,29.271465,,34.777412,82.870003,47.016865
2008-01-15,38.055836,27.721552,,34.281311,80.239998,46.486446
2008-01-16,37.333813,29.321012,,34.646107,80.349998,46.573643
2008-01-17,37.002907,28.337275,,34.638794,80.120003,46.718956
2008-01-18,37.368912,28.018799,,34.711754,79.760002,46.886066
2008-01-22,36.656937,28.917616,,35.893604,78.480003,48.055866
2008-01-23,38.416836,32.357128,,36.593983,73.970001,49.850513
2008-01-24,38.647476,31.819277,,35.682049,77.669998,48.789711
2008-01-25,37.955536,30.885082,,35.083817,77.599998,47.56179
2008-01-28,37.885349,32.250992,,35.536125,75.82,48.21571
2008-01-29,38.331585,33.581512,,35.754993,73.949997,48.448223
2008-01-30,37.770039,33.510738,,35.864441,74.209999,48.121246
2008-01-31,37.760017,33.54612,,37.017101,77.699997,49.363705
2008-02-01,38.692593,34.147697,,37.338108,74.629997,49.254719
2008-02-04,38.29649,32.711021,,36.528305,73.949997,48.666176
2008-02-05,37.123234,31.062016,,36.156246,72.089996,47.13311
2008-02-06,36.120449,30.941704,,35.623672,68.489998,46.290276
2008-02-07,35.975048,31.92544,,36.360516,70.910004,47.045906
2008-02-08,35.819611,31.012465,,35.572601,73.5,45.948788
2008-02-11,35.0224,30.679848,,36.185436,75.190002,46.50098
2008-02-12,36.456379,30.651529,,36.659637,74.449997,46.798889
2008-02-13,36.997887,31.210638,,36.958744,77.730003,47.829311
2008-02-14,36.651928,30.156122,,36.455368,75.800003,46.61319
2008-02-15,36.240784,30.609066,,36.068699,72.959999,46.547657
2008-02-19,36.887581,30.311823,,36.229202,72.080002,45.753891
2008-02-20,36.742168,30.538309,,36.258385,73.639999,47.01371
2008-02-21,36.656937,30.481672,,36.324036,69.900002,47.312283
2008-02-22,37.719891,31.090328,,36.455368,72.080002,48.0769
2008-02-25,38.356659,31.161089,,36.717995,73.269997,47.792892
2008-02-26,39.645252,30.941704,,37.498608,71.690002,48.397308
2008-02-27,39.570034,31.430029,,37.5205,70.870003,46.962727
2008-02-28,38.827984,30.035812,,36.98793,67.849998,45.950504
2008-02-29,37.729923,28.768984,,36.178127,64.470001,45.091217
2008-03-03,39.544964,28.181561,,36.396999,62.43,45.520863
2008-03-04,38.587315,27.735704,,36.382408,65.339996,45.433464
2008-03-05,39.153893,27.417236,,36.148952,64.989998,44.297455
2008-03-06,38.361683,26.447647,,36.462646,62.740002,43.722168
2008-03-07,38.211258,26.582108,,36.404297,64.089996,43.911499
2008-03-10,38.607357,25.81778,,35.638275,63.470001,43.875099
2008-03-11,40.402351,27.488012,,36.659637,67.150002,45.600956
2008-03-12,39.915997,27.325228,,36.8634,66.510002,45.586411
2008-03-13,39.910984,26.971367,,37.090637,68.32,45.273266
2008-03-14,38.607357,25.860239,,36.51889,68.220001,44.319302
2008-03-17,38.166142,28.528358,,36.614193,66.529999,43.9552
2008-03-18,40.567814,30.226891,,37.369202,71.699997,44.909149
2008-03-19,40.111542,30.057051,,37.222588,70.169998,44.333874
2008-03-20,41.319263,32.534077,,39.018475,73.190002,46.183525
2008-03-24,42.043892,32.944565,,39.31168,75.949997,47.698219
2008-03-25,42.598946,32.597775,,38.88652,75.169998,48.491974
2008-03-26,41.838318,31.217705,,38.776592,73.800003,48.51384
2008-03-27,41.966801,30.333055,,38.388088,70.800003,47.523457
2008-03-28,41.709831,30.226891,,38.204838,69.760002,46.875351
2008-03-31,42.295712,30.396759,,38.615318,71.300003,47.312283
2008-04-01,44.12014,33.263031,,39.641556,76.699997,48.419167
2008-04-02,43.760384,32.991917,,39.920074,77.370003,48.244404
2008-04-03,43.883736,33.020443,,40.264606,74.940002,48.695881
2008-04-04,43.554832,32.51387,,39.876099,76.870003,48.390034
2008-04-07,43.590786,32.492451,,39.751488,76.900002,48.28083
2008-04-08,43.220757,32.00729,,39.912754,77.300003,48.739597
2008-04-09,43.282429,31.607737,,39.685532,74.389999,48.084202
2008-04-10,43.446903,31.293797,,40.066689,74.830002,48.44101
2008-04-11,43.138535,30.344858,,40.169319,71.989998,47.843887
2008-04-14,42.799358,29.609943,,40.425884,72.610001,47.56715
2008-04-15,42.64518,30.052315,,41.246853,72.5,47.858437
2008-04-16,43.210495,32.07864,,41.833256,74.589996,48.965321
2008-04-17,43.45203,32.192791,,41.540058,74.040001,49.875603
2008-04-18,43.606194,32.649426,,41.276161,80.099998,50.560112
2008-04-21,43.385227,32.271271,,41.32748,80.18,50.327091
2008-04-22,43.349243,32.570946,,41.452095,79.599998,49.577038
2008-04-23,43.18993,32.214203,,41.723297,81,50.683929
2008-04-24,43.575371,33.512753,,42.11182,77.690002,51.135418
2008-04-25,44.08416,34.09782,,42.25843,80.860001,52.096684
2008-04-28,44.12014,33.776749,,42.038498,81.970001,51.579628
2008-04-29,44.068726,33.591248,,42.962101,80.739998,51.703442
2008-04-30,44.603218,33.99794,,42.500309,78.629997,51.885471
2008-05-01,44.993805,35.139526,,42.566288,79.360001,52.431644
2008-05-02,45.055485,34.718563,,42.148457,77.309998,52.533585
2008-05-05,44.788242,34.247658,,41.75996,75.919998,52.744762
2008-05-06,44.844753,34.390354,,41.305485,75.709999,52.904995
2008-05-07,43.996803,33.227352,,41.657352,73.18,52.489895
2008-05-08,44.228054,32.856327,,41.899235,72.790001,51.849068
2008-05-09,43.205357,33.227352,,41.91391,72.410004,52.023857
2008-05-12,44.54668,33.705402,,42.529613,74.529999,53.655045
2008-05-13,44.721405,32.449654,,41.525402,74.559998,53.873535
2008-05-14,44.413063,32.756443,,42.289482,74.199997,54.165436
2008-05-15,44.741966,33.548439,,42.046562,76.120003,54.333279
2008-05-16,44.772816,33.198833,,41.987671,76.459999,53.472103
2008-05-19,44.649467,32.813545,,41.516567,82.290001,52.625546
2008-05-20,44.248619,31.179634,,41.185307,80.720001,52.100121
2008-05-21,43.568264,30.266373,,40.655308,78.300003,50.640522
2008-05-22,43.957779,30.715862,,41.258934,79.260002,51.640339
2008-05-23,43.677311,30.195011,,41.038097,78.349998,52.049019
2008-05-27,43.703312,30.687321,,41.516567,80.620003,52.975872
2008-05-28,43.614998,30.580296,,42.024479,80.080002,53.450222
2008-05-29,43.677311,31.086899,,42.650177,80.349998,53.260483
2008-05-30,43.734451,30.680195,,42.50296,81.620003,52.049019
2008-06-02,43.459206,30.073734,,42.105461,80.230003,51.326519
2008-06-03,43.313782,29.888224,,42.525043,80.110001,51.114876
2008-06-04,43.344959,29.702709,,42.458782,81.5,51.676823
2008-06-05,43.890274,30.038044,,44.019337,84.510002,53.639992
2008-06-06,42.773651,28.603928,,42.966698,80.629997,51.954155
2008-06-09,42.654205,26.763117,,43.850025,79.43,52.056328
2008-06-10,42.472427,27.319649,,44.004616,79.620003,51.421387
2008-06-11,41.548,26.491991,,43.077095,77.279999,50.261032
2008-06-12,41.766132,27.119865,,43.51141,76.150002,49.772064
2008-06-13,41.776505,28.240051,,43.562962,79.169998,51.31921
2008-06-16,42.08812,28.496897,,43.658634,81.699997,51.392204
2008-06-17,41.937496,27.854763,,43.202259,82.970001,51.034603
2008-06-18,41.714184,27.640713,,42.451427,82.519997,50.326714
2008-06-19,41.599922,27.5765,,42.466152,84.260002,51.26086
2008-06-20,41.013062,27.012848,,41.413521,81.099998,50.158863
2008-06-23,41.049427,26.306477,,41.693233,80.68,49.947212
2008-06-24,41.059795,26.912949,,42.193771,79.639999,50.545647
2008-06-25,41.340256,27.048515,,42.782681,80.510002,51.735218
2008-06-26,40.478119,25.914063,,41.833103,76.300003,50.377789
2008-06-27,39.756237,25.007929,,41.442951,74.660004,51.275444
2008-06-30,39.834141,24.479944,,41.36935,73.330002,51.187862
2008-07-01,39.309601,24.544876,,41.980312,73.620003,52.946663
2008-07-02,38.992786,24.963335,,41.590172,71.440002,52.64016
2008-07-03,39.449825,25.475597,,41.663788,72,52.713127
2008-07-07,39.091465,24.559299,,41.891979,72.489998,53.18021
2008-07-08,39.449825,25.807459,,43.51141,75.040001,54.486546
2008-07-09,39.153797,24.732456,,42.451427,70.610001,52.654766
2008-07-10,39.294006,24.898399,,42.11282,70.629997,51.713333
2008-07-11,38.208576,23.924393,,41.435585,68.540001,50.961632
2008-07-14,38.031998,22.863819,,41.450298,66.279999,50.771873
2008-07-15,37.356834,22.380423,,41.398792,67.029999,50.771873
2008-07-16,39.034336,25.930117,,41.928795,71.839996,52.968552
2008-07-17,40.124977,29.436525,,42.458782,72.110001,54.099751
2008-07-18,41.002666,28.873775,,42.63546,69.120003,52.713127
2008-07-21,41.96347,27.88534,,42.186428,68.480003,50.837555
2008-07-22,42.742508,29.479816,,43.474613,67.970001,52.54528
2008-07-23,43.464394,30.273451,,42.76059,70.540001,46.290943
2008-07-24,42.451664,28.238869,,41.93615,78.720001,45.962536
2008-07-25,42.664589,28.513027,,41.833103,78.309998,45.072178
2008-07-28,42.275089,27.171072,,41.236835,75.980003,44.043163
2008-07-29,42.752899,29.400467,,42.289482,78.209999,45.086761
2008-07-30,43.635773,29.99206,,43.106552,78.209999,45.977119
2008-07-31,42.851578,29.313881,,43.150723,76.339996,45.743591
2008-08-01,43.106041,29.407675,,42.510311,75.75,45.393288
2008-08-04,42.30624,28.960344,,43.010864,75.709999,45.626816
2008-08-05,43.625389,30.222956,,44.416836,79.110001,47.166691
2008-08-06,43.054115,29.862207,,44.725998,78.089996,48.081196
2008-08-07,42.529568,28.72226,,41.928795,76.949997,48.154354
2008-08-08,42.846375,29.631334,,42.591286,80.510002,49.010349
2008-08-11,42.945045,30.222956,,43.106552,88.089996,49.090839
2008-08-12,42.513988,27.358658,,43.614471,87.25,49.588322
2008-08-13,41.755737,26.629971,,42.777836,86.690002,48.981071
2008-08-14,41.802467,27.279306,,42.940437,88.029999,49.120075
2008-08-15,41.516834,27.466887,,43.879059,86.400002,49.749245
2008-08-18,41.189644,26.507305,,43.479958,83.110001,49.317612
2008-08-19,40.140549,25.670387,,43.014339,81.290001,48.622578
2008-08-20,40.655525,26.69488,,43.132595,82.129997,48.242149
2008-08-21,40.030193,26.160999,,43.236057,83.260002,48.468956
2008-08-22,40.271919,27.178288,,43.930798,85.260002,49.332241
2008-08-25,40.43483,26.067205,,43.273026,82.849998,48.615253
2008-08-26,40.497871,26.413519,,43.605602,81.760002,48.666485
2008-08-27,40.81316,26.795898,,43.819954,81.730003,48.805492
2008-08-28,41.343884,28.051277,,44.256004,83.419998,49.610268
2008-08-29,41.359646,27.769911,,43.657326,80.809998,49.061554
2008-09-02,41.238789,28.130644,,44.086018,81.410004,49.939461
2008-09-03,41.286076,28.650122,,44.189487,80.769997,49.990692
2008-09-04,39.930367,27.351444,,44.182087,78.029999,49.281052
2008-09-05,39.88308,28.570753,,44.891602,79.190002,50.071156
2008-09-08,41.569832,29.977644,,45.822845,81.160004,50.429649
2008-09-09,41.128426,28.476954,,45.179848,79.040001,50.210167
2008-09-10,41.611877,28.426447,,45.83762,76.739998,50.795456
2008-09-11,41.207256,30.049797,,46.687557,79.510002,51.483181
2008-09-12,41.42271,29.703472,,46.125862,78.300003,50.883247
2008-09-15,39.841049,26.69488,,45.549377,77.339996,50.444271
2008-09-16,40.172089,29.393238,,45.926315,78.730003,50.393063
2008-09-17,38.290916,25.807459,,44.078629,71.540001,47.825146
2008-09-18,41.785263,29.0758,,45.438526,76.5,49.917542
2008-09-19,42.957073,33.945808,,44.122963,81,48.351887
2008-09-22,41.764263,29.436525,,43.5243,74.93,47.056953
2008-09-23,41.864082,29.263376,,43.162151,71.760002,46.939907
2008-09-24,41.9324,29.220078,,43.546482,69.959999,47.40081
2008-09-25,42.872986,31.355684,,44.433372,72.080002,48.271431
2008-09-26,42.825691,34.804371,,44.869431,70.699997,48.498238
2008-09-29,40.881474,29.580826,,43.199116,63.349998,46.237541
2008-09-30,42.473621,33.693287,,44.263386,72.760002,47.503235
2008-10-01,43.36692,35.807213,,44.093391,69.580002,47.327648
2008-10-02,42.048004,36.243462,,43.494728,67.360001,45.301094
2008-10-03,42.757389,33.371624,,44.14513,67,45.798595
2008-10-06,41.138943,31.990213,,42.792625,65.230003,44.240269
2008-10-07,41.138943,28.587627,,40.531048,58.52,42.286877
2008-10-08,39.940895,28.573076,,40.316704,61.02,41.745487
2008-10-09,37.050797,26.668211,,37.981216,56,39.799408
2008-10-10,35.989361,30.274374,,37.656025,56.25,39.43362
2008-10-13,39.016045,30.528835,,40.279762,62.02,43.545242
2008-10-14,39.609818,29.598211,,40.235409,55.860001,42.73315
2008-10-15,36.777554,27.984167,,36.990852,48.720001,39.221443
2008-10-16,36.273113,29.438267,,40.368446,50.290001,42.279552
2008-10-17,36.351925,28.594894,,39.740227,50.650002,42.418556
2008-10-20,37.965111,29.561861,,40.228016,52.970001,42.491722
2008-10-21,36.168015,28.892981,,39.666313,50.23,40.86755
2008-10-22,34.186996,27.024452,,38.631607,49.990002,39.177547
2008-10-23,33.7351,27.518854,,38.993755,50.32,38.197193
2008-10-24,28.906031,25.759392,,37.988613,48.959999,37.260735
2008-10-27,27.324371,24.719717,,36.709991,49.580002,37.970394
2008-10-28,29.899178,27.337093,,40.774937,56.040001,42.052757
2008-10-29,30.703144,25.962971,,40.664082,56.889999,41.613804
2008-10-30,32.184967,27.351633,,40.464531,56.709999,41.679646
2008-10-31,31.002644,29.990826,,41.247948,57.240002,41.708908
2008-11-03,31.980024,29.612764,,41.366215,55.77,39.119019
2008-11-04,33.083515,30.659719,,41.484455,58.450001,40.30423
2008-11-05,31.55965,28.514921,,40.006287,51.98,39.294598
2008-11-06,30.146143,27.816952,,39.533302,47.220001,39.148273
2008-11-07,31.186569,27.446152,,40.198452,49.209999,39.557972
2008-11-10,29.867651,26.471901,,40.782314,48.459999,38.77515
2008-11-11,28.123083,26.428288,,40.464531,46.299999,38.248413
2008-11-12,27.114183,25.13413,,38.890305,41.560001,35.797344
2008-11-13,28.338531,27.038994,,40.597561,44.93,36.670612
2008-11-14,27.63965,25.061434,,38.956799,41.75,35.268959
2008-11-17,27.487272,23.825445,,38.291649,39.689999,34.718575
2008-11-18,27.576591,23.367401,,38.964195,38.439999,34.314953
2008-11-19,25.448746,20.699121,,37.692986,35.84,33.221508
2008-11-20,24.475698,16.998436,,37.4417,35.029999,33.016048
2008-11-21,25.053116,16.518591,,39.112015,37.869999,34.278267
2008-11-24,27.079382,20.05205,,39.00116,42.5,36.289021
2008-11-25,28.047077,21.644287,,40.412781,42.189999,37.184315
2008-11-26,29.308826,22.26228,,41.898338,43.959999,37.756721
2008-11-28,29.068228,23.018412,,41.29969,42.700001,37.771397
2008-12-01,26.854839,18.990549,,39.17852,40.470001,35.158882
2008-12-02,27.49106,20.742744,,39.503723,41.189999,36.766018
2008-12-03,28.13262,21.993273,,40.191071,45.209999,37.734707
2008-12-04,27.207703,22.596729,,40.730591,47.32,38.710747
2008-12-05,28.496166,24.247124,,43.021751,48.259998,40.787529
2008-12-08,29.688404,26.530077,,42.541332,51.41,40.501343
2008-12-09,29.474569,24.69062,,41.247948,51.25,38.967587
2008-12-10,29.816732,24.370729,,40.834076,49.700001,39.400543
2008-12-11,29.458521,21.767889,,40.669285,48.25,38.204376
2008-12-12,29.29278,22.494934,,40.550533,51.25,39.187744
2008-12-15,29.201902,20.815454,,40.609901,48.849998,38.703396
2008-12-16,30.32464,23.520079,,41.003304,52.630001,38.916206
2008-12-17,27.811842,23.163822,,40.96619,53.18,39.584
2008-12-18,24.946178,21.964193,,41.129486,52.080002,39.738125
2008-12-19,24.352737,22.044167,,41.374432,51.560001,39.473934
2008-12-22,24.75906,21.680639,,41.560017,49.84,38.688717
2008-12-23,24.379465,21.164436,,41.040421,51.080002,37.771397
2008-12-24,24.448978,21.702454,,41.151764,51.439999,37.932854
2008-12-26,24.753716,21.666094,,41.084946,51.779999,37.771397
2008-12-29,24.914108,21.651564,,40.906811,49.400002,37.301739
2008-12-30,25.170734,22.545828,,40.86227,50.759998,37.521896
2008-12-31,26.020803,22.923901,,41.61198,51.279999,38.527279
2009-01-02,26.501974,23.071087,,42.443317,54.360001,39.151047
2009-01-05,26.46991,21.52565,,41.953415,54.060001,38.373158
2009-01-06,26.202585,21.989275,,41.582279,57.360001,37.756721
2009-01-07,25.667936,20.671986,,41.225979,56.200001,36.780701
2009-01-08,25.84972,20.031734,,38.138119,57.16,37.169647
2009-01-09,25.49151,19.111835,,38.286564,55.509998,36.061527
2009-01-12,24.967575,18.331764,,38.145535,51.919998,36.274334
2009-01-13,24.513126,19.391485,,38.687405,51.450001,35.914761
2009-01-14,22.556356,19.067677,,38.271729,48.490002,34.953403
2009-01-15,21.56193,17.912279,,38.115845,51.439999,35.569847
2009-01-16,21.358765,16.793688,,38.271729,51.59,35.812008
2009-01-20,18.086781,13.31279,,37.529457,48.439999,34.652523
2009-01-21,19.738815,16.65386,,36.475426,50.540001,35.151546
2009-01-22,19.674652,16.999741,,36.275005,49.939999,34.821316
2009-01-23,19.059826,17.868134,,35.889019,50.630001,34.469063
2009-01-26,19.685354,18.030035,,36.074593,49.630001,34.747929
2009-01-27,20.048904,18.442142,,36.21563,48.439999,35.151546
2009-01-28,22.139341,20.355539,,36.171089,50.360001,35.085491
2009-01-29,20.840162,18.714437,,35.525303,50,34.087467
2009-01-30,20.76532,18.773314,,34.976028,58.82,33.045383
2009-02-02,20.048904,18.545177,,34.567772,61.150002,33.243526
2009-02-03,20.391068,17.698872,,35.488197,63.59,33.845284
2009-02-04,20.802744,17.691513,,34.456432,61.060001,31.540997
2009-02-05,21.251839,18.059475,,36.044903,63.18,32.164772
2009-02-06,21.920139,20.333456,,36.839142,66.550003,33.177494
2009-02-09,22.027065,20.07589,,36.579342,66.709999,33.14814
2009-02-10,20.58889,18.118338,,35.421394,63.310001,32.267498
2009-02-11,20.391068,19.200144,,35.799946,64.349998,32.068649
2009-02-12,20.58889,19.273735,,35.725716,63.959999,32.64315
2009-02-13,20.353643,18.169853,,34.538086,63.259998,31.494143
2009-02-17,18.974285,15.932663,,35.807388,61.669998,31.022757
2009-02-18,19.327145,15.829629,,37.113785,62.349998,31.214273
2009-02-19,18.813894,15.159946,,37.447788,61.950001,31.391031
2009-02-20,18.428959,14.644798,,37.128616,63.860001,31.494143
2009-02-23,18.311335,14.357797,,36.282433,61.709999,30.323053
2009-02-24,18.819233,15.469035,,37.121189,65.599998,31.339464
2009-02-25,18.765772,15.991532,,36.527386,63.709999,30.934391
2009-02-26,19.605152,16.962944,,35.814796,62.34,30.602961
2009-02-27,18.605387,16.815763,,36.549656,64.790001,31.184805
2009-03-02,15.103507,15.572062,,35.658909,61.990002,30.080008
2009-03-03,14.943115,15.461668,,35.169025,61.700001,29.969524
2009-03-04,15.156966,14.203249,,35.992935,64.809998,30.057907
2009-03-05,14.232048,12.216264,,36.928204,64.769997,29.137238
2009-03-06,13.633258,11.723204,,36.304703,61.689999,28.710047
2009-03-09,12.970304,11.701122,,35.265514,60.490002,28.312332
2009-03-10,14.451245,14.350432,,36.126549,65.709999,29.564425
2009-03-11,12.612098,15.012759,,35.427116,68.540001,29.137238
2009-03-12,13.456824,17.073336,,36.531895,69.580002,30.094723
2009-03-13,13.889881,17.47809,,36.718506,68.629997,31.081684
2009-03-16,14.387094,16.992382,,36.427387,66.980003,31.022757
2009-03-17,15.130239,18.501022,,37.323147,71.349998,32.392719
2009-03-18,15.391482,19.950781,,37.651573,71.25,32.746246
2009-03-19,15.184667,18.361193,,37.285812,70.099998,33.232361
2009-03-20,14.27576,17.036539,,37.017082,69.959999,33.018764
2009-03-23,16.333038,21.238642,,38.427895,75.580002,35.014774
2009-03-24,15.565641,19.428282,,38.129311,72.809998,34.145668
2009-03-25,14.966965,21.017868,,38.577202,72.400002,34.477089
2009-03-26,15.701704,21.415262,,39.383366,73.690002,35.692398
2009-03-27,15.440463,20.164196,,39.241547,70.519997,34.911655
2009-03-30,14.509789,18.287603,,38.636894,71.440002,34.064648
2009-03-31,15.358828,19.560743,,38.890697,73.440002,34.116203
2009-04-01,16.060915,20.708776,,39.428158,73.5,34.138294
2009-04-02,18.031109,20.760384,,40.040249,76.339996,35.405132
2009-04-03,17.7481,21.586079,,40.159687,78.169998,36.023834
2009-04-06,18.227043,20.789881,,39.883511,77.989998,35.162086
2009-04-07,17.557608,20.089508,,39.107189,75.510002,34.167759
2009-04-08,17.470535,20.222206,,39.2714,76.980003,35.132629
2009-04-09,19.05975,24.14427,,37.815804,79.769997,34.543392
2009-04-13,18.858374,24.844635,,38.46521,78.940002,34.182503
2009-04-14,19.244791,22.632956,,38.159168,77.220001,33.40176
2009-04-15,19.848909,24.004198,,38.286072,74.709999,33.6301
2009-04-16,20.164579,24.50551,,37.905376,77.25,34.049908
2009-04-17,19.712852,24.520256,,37.472424,78.050003,33.711113
2009-04-20,18.205273,21.888351,,36.778217,77.57,32.657871
2009-04-21,18.646114,23.98208,,37.196232,78.739998,34.219326
2009-04-22,18.069206,23.517622,,36.546822,79.199997,34.668598
2009-04-23,18.662439,24.483397,,36.472164,80.610001,34.491833
2009-04-24,19.163155,24.608734,,35.733173,84.459999,35.478783
2009-04-27,18.504608,24.166384,,36.210903,83.120003,35.088425
2009-04-28,18.276028,24.173759,,36.181053,82.400002,34.668598
2009-04-29,18.646114,25.419672,,37.659031,79.790001,35.110523
2009-04-30,19.375412,24.328575,,37.621723,80.519997,35.795502
2009-05-01,19.538689,23.952595,,37.360451,78.959999,35.125248
2009-05-04,20.518345,26.385452,,37.950161,79.769997,35.139977
2009-05-05,21.068043,25.670341,,37.666512,81.900002,35.095787
2009-05-06,22.396015,27.43969,,36.957367,81.989998,34.521297
2009-05-07,22.330708,25.979973,,37.241028,79.279999,33.828953
2009-05-08,24.055992,28.707722,,37.427631,77.949997,34.322437
2009-05-11,23.457314,26.414934,,37.793407,78.610001,33.895252
2009-05-12,23.326696,26.068436,,37.994949,77.93,34.550766
2009-05-13,22.015038,25.102661,,37.546909,74.190002,33.752247
2009-05-14,22.374256,26.201132,,36.848946,75.110001,33.123768
2009-05-15,22.096678,25.736685,,36.136002,73.599998,33.086811
2009-05-18,23.304922,27.469173,,37.464355,75.949997,34.077564
2009-05-19,24.132191,26.400188,,37.044086,77.870003,34.905643
2009-05-20,23.972919,25.471281,,36.728882,77.970001,36.066467
2009-05-21,23.418219,25.729309,,36.856457,75.959999,35.718975
2009-05-22,23.324858,25.368071,,36.961529,75.639999,35.711578
2009-05-26,23.747742,26.938372,,37.524395,78.389999,36.332642
2009-05-27,23.846598,25.552382,,37.014061,77.099998,36.103432
2009-05-28,24.038828,27.019464,,37.186668,77.650002,35.467567
2009-05-29,24.966982,27.203772,,37.329273,77.989998,35.874222
2009-06-01,24.9615,26.621357,,37.967175,83.050003,36.746677
2009-06-02,24.604509,25.43442,,37.471855,84.93,36.561836
2009-06-03,23.890535,25.05106,,38.184818,85.68,35.837257
2009-06-04,24.011364,26.061069,,38.177326,85.519997,35.393635
2009-06-05,23.121645,25.471281,,38.327408,87.559998,35.223591
2009-06-08,23.198538,26.090551,,38.132294,86.360001,35.142242
2009-06-09,23.231487,25.994715,,37.982185,87.080002,34.8465
2009-06-10,23.994888,25.685078,,37.569424,86.589996,34.44725
2009-06-11,24.851652,25.758795,,37.014061,85.690002,34.210648
2009-06-12,24.873631,25.898874,,37.404301,84.080002,34.772556
2009-06-15,23.896029,25.065805,,36.368641,83.18,34.25502
2009-06-16,23.511578,24.697195,,36.21104,82.150002,33.974045
2009-06-17,23.786192,24.129526,,36.443691,82.650002,34.44725
2009-06-18,23.615936,25.191128,,36.533745,81.599998,34.188454
2009-06-19,23.841106,25.803045,,36.151005,82.959999,34.092346
2009-06-22,23.039267,24.232735,,36.466194,79.150002,33.530418
2009-06-23,23.154598,24.748798,,36.286083,77.68,33.323414
2009-06-24,23.220505,24.667702,,36.406166,79.269997,33.301228
2009-06-25,23.154598,25.169014,,36.886482,82.199997,34.21804
2009-06-26,23.319355,25.397556,,36.496208,83.879997,34.314171
2009-06-29,23.379772,25.508139,,36.593784,83.029999,34.158882
2009-06-30,22.940409,25.146898,,36.35363,83.660004,33.848354
2009-07-01,23.028278,24.932793,,36.301098,81.599998,33.855755
2009-07-02,22.64933,23.825323,,35.865818,79.32,33.005463
2009-07-06,22.770149,24.068964,,35.820778,78.099998,33.789215
2009-07-07,22.286846,24.22401,,35.903336,75.629997,32.931522
2009-07-08,21.896914,24.150175,,36.301098,77.360001,34.025795
2009-07-09,22.490059,24.822046,,36.08345,78.099998,33.641338
2009-07-10,22.248409,23.877008,,35.700703,77.629997,33.249466
2009-07-13,22.468086,25.626804,,35.89584,81.470001,33.249466
2009-07-14,22.901966,25.619419,,36.120975,81.949997,33.293823
2009-07-15,24.093746,26.771194,,36.436195,84.550003,34.676453
2009-07-16,24.296955,26.675207,,36.406166,86.110001,35.112679
2009-07-17,24.51663,27.236322,,36.391144,85.849998,35.105286
2009-07-20,25.389875,27.302773,,36.638821,88.230003,35.837257
2009-07-21,25.104284,27.273247,,36.668835,89.010002,35.770721
2009-07-22,25.12077,27.192026,,36.901493,88.790001,36.096027
2009-07-23,26.120319,28.166595,,36.593784,93.870003,35.933376
2009-07-24,26.158766,27.996782,,36.728882,86.489998,36.325241
2009-07-27,25.983017,28.151836,,36.751385,84.239998,35.992546
2009-07-28,25.878672,28.114914,,36.713863,84.980003,36.110828
2009-07-29,25.840225,27.886038,,37.051598,84.339996,36.059071
2009-07-30,27.103399,28.402859,,37.509392,86.089996,36.41396
2009-07-31,27.844831,28.535748,,37.434345,85.760002,36.598808
2009-08-03,29.931816,29.237156,,37.404301,87.440002,36.968502
2009-08-04,29.920841,29.687519,,37.411819,85.800003,36.584023
2009-08-05,29.78903,30.846672,,36.923992,84.290001,36.273499
2009-08-06,30.629314,30.08621,,36.758884,84.470001,36.044292
2009-08-07,30.481028,31.274889,,36.991539,85.32,37.042427
2009-08-10,30.398649,31.518534,,37.314259,84.440002,36.524864
2009-08-11,29.86042,30.447977,,37.554428,83.559998,36.169979
2009-08-12,29.756083,31.164148,,38.115086,85.959999,36.474239
2009-08-13,30.470037,31.673584,,39.148884,84.599998,36.273869
2009-08-14,29.723118,31.341349,,39.080975,83.580002,36.088345
2009-08-17,28.816933,30.071436,,38.914963,81.059998,35.227505
2009-08-18,29.827477,30.787605,,38.756489,82.120003,35.175556
2009-08-19,29.600626,30.573503,,38.990421,83,35.576298
2009-08-20,29.639359,31.319187,,39.020611,84.089996,35.554028
2009-08-21,30.231371,32.234695,,38.756489,85,36.036392
2009-08-24,30.015591,31.754787,,38.899872,84.5,35.709869
2009-08-25,30.253504,32.175632,,38.990421,84.190002,36.823032
2009-08-26,30.209236,31.968903,,39.088516,84,37.275703
2009-08-27,30.314356,32.079647,,38.665955,84.309998,38.077175
2009-08-28,30.419476,31.688353,,38.582935,82.760002,38.418533
2009-08-31,29.833012,32.087029,,38.386745,81.190002,37.832272
2009-09-01,28.958811,30.765446,,38.462196,79.160004,37.587391
2009-09-02,28.787294,30.167429,,38.424469,78.139999,37.587391
2009-09-03,29.384844,31.090317,,39.043247,78.459999,40.808105
2009-09-04,29.982393,31.26012,,38.997982,78.870003,41.164307
2009-09-08,30.026649,31.407797,,38.78669,80.900002,42.099358
2009-09-09,30.342031,31.644039,,38.567844,82.239998,42.344238
2009-09-10,30.347561,31.762167,,38.507477,83.849998,42.232929
2009-09-11,30.308826,31.378252,,38.273552,84.540001,42.158741
2009-09-14,30.491405,32.301155,,38.016991,83.860001,42.29232
2009-09-15,30.707193,31.887697,,37.677422,83.550003,42.166134
2009-09-16,32.062733,32.965614,,37.760433,90.699997,42.819187
2009-09-17,32.643677,33.194489,,37.70005,90.440002,43.012146
2009-09-18,32.93692,33.187107,,37.813244,90.279999,42.70789
2009-09-21,32.394703,32.891792,,38.416924,90.559998,43.47224
2009-09-22,32.704556,34.309364,,38.477291,93.75,43.338669
2009-09-23,32.129128,33.26833,,38.032082,92.379997,43.026993
2009-09-24,31.520517,32.758892,,38.258461,92.110001,42.618832
2009-09-25,31.227278,32.227318,,37.330284,90.519997,41.765411
2009-09-28,31.846954,33.083744,,37.352928,92.209999,41.973202
2009-09-29,32.040611,33.135429,,37.149185,91.720001,41.921253
2009-09-30,31.730755,32.352829,,37.043541,93.360001,41.839634
2009-10-01,30.884239,30.543962,,36.975636,91.040001,41.327572
2009-10-02,30.436079,30.943138,,37.035992,89.849998,41.906429
2009-10-05,30.751455,32.377193,,37.020905,88.669998,42.210678
2009-10-06,30.906368,33.197701,,37.337849,90.910004,42.989876
2009-10-07,31.326866,33.781681,,37.345383,93.970001,43.783913
2009-10-08,31.620111,33.485996,,37.534035,95.220001,43.509365
2009-10-09,31.714161,33.892563,,37.707607,95.709999,43.516777
2009-10-12,31.553719,34.062584,,37.435944,93.599998,43.064079
2009-10-13,31.221746,33.752102,,37.986805,94.830002,43.398026
2009-10-14,32.23978,34.860912,,37.873596,97.459999,43.613232
2009-10-15,32.15678,34.860912,,38.447094,96.010002,43.761673
2009-10-16,31.592451,34.047806,,38.650856,95.32,43.398026
2009-10-19,32.223183,33.988667,,39.156441,94.68,43.954613
2009-10-20,31.6367,34.025616,,39.013054,94.980003,43.850712
2009-10-21,31.786095,33.00552,,38.205643,93.419998,42.957485
2009-10-22,32.101463,33.789078,,38.092457,93.449997,43.374325
2009-10-23,31.653309,33.434246,,38.062267,118.489998,43.031914
2009-10-26,31.066822,32.391975,,37.609493,124.639999,42.912804
2009-10-27,30.884239,32.451107,,37.632141,122.07,42.540638
2009-10-28,30.375229,31.549278,,37.65477,121.639999,42.220562
2009-10-29,31.38773,32.783764,,38.032082,122.580002,43.113792
2009-10-30,30.646326,30.876602,,37.488762,118.809998,42.317318
2009-11-02,31.066822,31.475368,,37.941525,118.839996,42.987251
2009-11-03,30.607605,31.564064,,37.65477,118.370003,42.912804
2009-11-04,30.696129,31.201845,,38.016991,117.099998,43.776276
2009-11-05,30.978306,32.428928,,38.696133,120.610001,44.222897
2009-11-06,31.371126,32.140648,,38.673477,126.199997,44.222897
2009-11-09,32.256386,32.783764,,39.239441,126.669998,44.989582
2009-11-10,33.252285,32.650696,,39.473373,130.149994,44.691856
2009-11-11,33.346344,32.761585,,39.971413,129.910004,44.95982
2009-11-12,33.44595,32.007587,,40.175159,130.529999,44.751411
2009-11-13,34.35886,31.711905,,40.144966,132.970001,45.011936
2009-11-16,35.382431,31.815392,,40.114792,131.589996,45.49577
2009-11-17,35.105797,31.904112,,40.492077,131.25,45.123585
2009-11-18,34.855232,32.066734,,40.861855,131.289993,45.235252
2009-11-19,34.23719,31.453194,,41.156155,128.990005,45.019375
2009-11-20,33.914246,31.386663,,40.959934,129.660004,44.706738
2009-11-23,34.493317,31.992796,,41.26178,133,45.086372
2009-11-24,34.142536,31.401445,,41.390053,132.940002,45.041702
2009-11-25,34.560135,31.164896,,41.47308,134.029999,45.324566
2009-11-27,32.550102,30.551357,,41.224064,131.740005,44.684406
2009-11-30,32.856335,31.408831,,41.163692,135.910004,44.595074
2009-12-01,33.507797,31.209248,,41.31461,138.5,45.20546
2009-12-02,33.496651,30.994877,,41.178791,142.25,45.309666
2009-12-03,33.296219,30.603098,,41.080666,141.169998,43.932594
2009-12-04,33.363029,30.854427,,40.929756,137.580002,44.059139
2009-12-07,32.661472,30.492228,,41.450432,134.210007,44.178234
2009-12-08,31.804005,30.46265,,41.05806,134.110001,43.731617
2009-12-09,32.004448,30.447868,,41.007221,131.309998,43.664635
2009-12-10,32.305126,30.507008,,41.477444,135.380005,43.739067
2009-12-11,32.060131,30.277847,,41.447105,134.149994,44.15591
2009-12-14,32.756119,30.876602,,41.007221,131.380005,44.267567
2009-12-15,31.798437,30.203932,,40.938976,130.229996,43.902817
2009-12-16,32.071262,30.573542,,40.438423,128.360001,43.74651
2009-12-17,30.818493,29.767797,,40.013702,126.910004,43.024464
2009-12-18,30.80735,30.270452,,40.081963,128.479996,43.493431
2009-12-21,31.430952,30.972698,,40.4991,132.789993,44.118683
2009-12-22,31.536745,31.00227,,40.453594,133.75,44.341988
2009-12-23,31.776171,30.721373,,40.438423,138.940002,44.714184
2009-12-24,31.971046,30.965313,,40.650772,138.470001,44.95982
2009-12-28,31.95435,30.839645,,40.938976,139.309998,45.07893
2009-12-29,31.726067,30.669634,,41.037563,139.410004,44.855618
2009-12-30,31.920937,30.699181,,41.181656,136.490005,44.699291
2009-12-31,31.7873,30.802683,,40.537022,134.520004,44.044258
2010-01-04,32.47216,31.712996,,41.128563,133.899994,44.222897
2010-01-05,32.989975,32.327271,,40.719032,134.690002,44.088905
2010-01-06,33.028954,32.504894,,40.628017,132.25,44.662083
2010-01-07,32.923172,33.148769,,40.650772,130,44.446213
2010-01-08,32.850777,33.06736,,40.446011,133.520004,44.126141
2010-01-11,32.873051,32.956345,,41.113403,130.309998,44.178234
2010-01-12,32.73941,32.186653,,41.507771,127.349998,43.940037
2010-01-13,32.772816,32.74913,,41.720127,129.110001,44.215466
2010-01-14,32.605789,33.07476,,41.113403,127.349998,43.709286
2010-01-15,32.043427,32.327271,,40.711445,127.139999,43.761395
2010-01-19,32.082409,32.031231,,40.976891,127.610001,43.880486
2010-01-20,31.202671,32.120056,,40.847965,125.779999,43.374325
2010-01-21,30.478848,30.003391,,40.135056,126.620003,42.816055
2010-01-22,29.810699,28.98205,,40.150223,121.43,42.481091
2010-01-25,30.567942,29.019058,,40.104717,120.309998,42.838383
2010-01-26,30.111364,28.449188,,40.658352,119.480003,43.121227
2010-01-27,30.178179,29.107874,,40.4991,122.75,42.823486
2010-01-28,30.011133,29.218876,,39.899952,126.029999,42.689491
2010-01-29,29.79398,28.819227,,40.521854,125.410004,42.749062
2010-02-01,30.38975,29.329906,,40.559765,118.870003,43.106342
2010-02-02,30.534521,30.010784,,40.567348,118.120003,43.74651
2010-02-03,30.289534,29.818357,,41.158905,119.099998,43.485973
2010-02-04,28.836317,28.382578,,40.172974,115.940002,43.560413
2010-02-05,28.608019,28.34557,,40.537022,117.389999,43.605072
2010-02-08,28.012249,27.90152,,40.142647,116.830002,43.277561
2010-02-09,28.646999,28.412184,,40.38533,118.029999,43.739067
2010-02-10,28.702669,28.76742,,40.377754,117.360001,44.164658
2010-02-11,28.880835,28.878437,,40.256405,120.089996,44.552929
2010-02-12,28.402002,28.826632,,40.119907,119.660004,44.26173
2010-02-16,29.253891,29.655537,,40.620449,117.529999,45.299572
2010-02-17,29.727169,29.633331,,40.999638,116.309998,45.583294
2010-02-18,29.855232,29.907162,,40.552189,118.080002,45.516098
2010-02-19,29.665924,29.62594,,40.567348,117.519997,45.650497
2010-02-22,30.066814,30.232809,,40.825222,118.010002,45.389149
2010-02-23,29.999992,29.514917,,40.665936,117.239998,45.180103
2010-02-24,30.751675,30.232809,,40.893467,119.720001,45.441422
2010-02-25,30.562366,30.0774,,41.067913,118.199997,45.84462
2010-02-26,30.579065,31.06172,,41.007221,118.400002,45.523563
2010-03-01,28.719376,30.958099,,40.878292,124.540001,46.031288
2010-03-02,29.103567,30.802687,,40.643185,125.529999,45.829708
2010-03-03,29.28731,30.736071,,40.696274,125.889999,45.307045
2010-03-04,29.148104,31.024712,,40.923794,128.529999,45.396652
2010-03-05,29.860804,31.683397,,41.060322,128.910004,45.307045
2010-03-08,29.621374,31.52058,,41.067913,130.110001,45.299572
2010-03-09,29.342991,31.394749,,40.999638,128.820007,44.896389
2010-03-10,29.370823,31.772196,,40.902771,130.509995,44.679836
2010-03-11,29.276173,31.957224,,41.162098,133.580002,44.724651
2010-03-12,28.880835,31.935026,,41.1087,131.820007,44.926247
2010-03-15,28.869715,31.875814,,42.267979,131.130005,45.209984
2010-03-16,29.059008,32.00164,,42.702713,131.789993,45.478775
2010-03-17,29.778612,32.408684,,42.649315,131.339996,45.792374
2010-03-18,29.340101,32.297668,,42.664574,132.759995,45.747559
2010-03-19,28.76668,32.157051,,42.206985,130.350006,45.33691
2010-03-22,28.952204,32.371674,,42.420517,130.470001,45.456367
2010-03-23,28.851007,32.993359,,42.626457,129.259995,45.366776
2010-03-24,28.305712,33.259789,,42.390018,128.039993,44.851582
2010-03-25,28.626144,33.259789,,42.412899,134.729996,44.836636
2010-03-26,28.716089,33.319008,,42.336628,135.059998,44.896389
2010-03-29,28.811661,33.200584,,42.512047,135.119995,44.903839
2010-03-30,28.58679,32.993359,,42.641708,136.580002,44.926247
2010-03-31,28.496843,33.119183,,42.40527,135.770004,44.582779
2010-04-01,29.042143,33.474827,,42.321381,131.809998,44.903839
2010-04-05,29.092743,33.593357,,42.321381,131.490005,45.411579
2010-04-06,28.929716,33.963821,,42.351887,135.559998,46.09848
2010-04-07,28.884747,33.578548,,42.161205,134.869995,46.083561
2010-04-08,29.193941,33.904556,,42.237488,140.960007,45.531029
2010-04-09,29.862936,34.067566,,42.001049,140.059998,45.70277
2010-04-12,29.941639,34.1861,,41.96291,141.199997,45.060627
2010-04-13,30.009104,33.986053,,41.734104,140.160004,44.717167
2010-04-14,30.267698,35.364166,,41.673092,144.279999,44.515583
2010-04-15,30.902977,35.423443,,41.284119,145.820007,44.075043
2010-04-16,30.138403,33.748955,,41.268871,142.169998,44.194515
2010-04-19,29.969751,33.630413,,41.482422,142.429993,44.403591
2010-04-20,29.936022,33.993454,,41.581566,144.199997,44.41851
2010-04-21,29.525625,33.600773,,41.54343,146.429993,44.433445
2010-04-22,29.643681,33.148823,,41.558685,150.089996,44.96357
2010-04-23,29.587469,33.296989,,41.589191,143.630005,44.94865
2010-04-26,29.761738,32.51902,,41.215477,147.110001,44.851582
2010-04-27,28.558676,31.422464,,41.215477,142.020004,44.179581
2010-04-28,28.598028,32.200436,,40.887524,139.350006,43.94067
2010-04-29,29.087141,32.600521,,40.956165,141.729996,44.313969
2010-04-30,28.609274,31.548424,,40.910404,137.100006,44.112389
2010-05-03,28.884747,32.252289,,40.986675,137.490005,44.284111
2010-05-04,28.002127,31.466925,,41.200237,129.830002,44.709717
2010-05-05,27.771627,31.585466,,41.772236,130.929993,45.222939
2010-05-06,26.248123,30.236988,,40.597706,128.710007,43.477242
2010-05-07,26.298721,30.19994,,39.964687,124.980003,42.937809
2010-05-10,27.98527,31.081642,,40.101955,131.289993,43.095161
2010-05-11,27.563623,30.785267,,40.010441,130.460007,43.409813
2010-05-12,27.912176,30.889006,,40.258224,133.869995,43.364861
2010-05-13,27.299397,30.236988,,40.19685,131.470001,43.207539
2010-05-14,26.619164,29.555347,,39.982063,128.529999,43.259964
2010-05-17,26.652899,29.518297,,40.449993,128.910004,43.716988
2010-05-18,26.304344,28.910738,,41.201775,126.279999,43.289936
2010-05-19,26.315685,29.177483,,40.687794,124.589996,43.282452
2010-05-20,25.470814,28.029045,,39.353035,119.709999,42.398376
2010-05-21,25.941444,29.673885,,39.406723,122.720001,43.035213
2010-05-24,25.714632,28.61437,,39.122887,122.120003,42.525749
2010-05-25,25.782681,28.851467,,38.570572,124.860001,42.330944
2010-05-26,25.158949,28.73291,,38.371101,123.209999,41.941349
2010-05-27,26.355368,29.948036,,38.892754,126.699997,44.009201
2010-05-28,25.720301,29.325655,,38.785362,125.459999,43.642082
2010-06-01,25.873404,28.555098,,39.061501,123.239998,43.439796
2010-06-02,26.508461,29.303427,,39.675205,126.309998,44.166515
2010-06-03,26.400736,28.970009,,39.675205,128.759995,43.402321
2010-06-04,25.686283,27.873457,,38.662632,122.769997,42.083691
2010-06-07,25.499161,27.206623,,38.923428,122.010002,41.843945
2010-06-08,26.06052,27.992012,,38.954124,118.839996,42.450821
2010-06-09,25.952782,27.502996,,39.115219,117.910004,43.005249
2010-06-10,26.837349,28.369867,,39.291653,123.209999,43.192539
2010-06-11,26.820335,28.221689,,39.015495,123.029999,43.095161
2010-06-14,26.860023,27.65859,,39.306999,123.830002,43.095161
2010-06-15,27.461081,28.340225,,39.613842,126.839996,44.323879
2010-06-16,27.222925,28.540276,,39.107548,126.900002,43.709518
2010-06-17,27.268286,28.48101,,39.437401,125.889999,43.88932
2010-06-18,27.245607,29.029291,,39.5448,125.830002,43.61211
2010-06-21,27.432734,28.799597,,39.138218,122.550003,43.289936
2010-06-22,27.359011,28.399509,,38.877411,122.309998,43.162575
2010-06-23,27.523449,28.814425,,38.977139,121.449997,43.035213
2010-06-24,27.149208,28.177231,,38.378784,118.330002,42.121159
2010-06-25,27.461081,29.221933,,37.435242,121,42.285992
2010-06-28,27.228596,28.555098,,38.025909,117.800003,42.443321
2010-06-29,26.196611,27.458538,4.778,37.51194,108.610001,41.679115
2010-06-30,25.850721,27.125124,4.766,36.875237,109.260002,41.07975
2010-07-01,26.032175,26.768995,4.392,37.082363,110.959999,41.132191
2010-07-02,25.913088,26.583521,3.84,36.821529,109.139999,40.630219
2010-07-06,26.275997,26.954479,3.222,37.258808,110.059998,40.45789
2010-07-07,26.672918,28.304792,3.16,37.527279,113.43,40.675163
2010-07-08,26.928074,28.312222,3.492,37.72673,116.220001,41.739056
2010-07-09,26.973434,28.824162,3.48,37.918526,117.260002,42.09869
2010-07-12,27.103855,29.076418,3.41,38.447823,119.510002,41.903885
2010-07-13,27.631186,30.033516,3.628,38.770008,123.650002,42.33844
2010-07-14,27.682219,29.937056,3.968,38.62426,123.300003,42.218563
2010-07-15,27.943047,30.018669,3.978,38.67028,122.059998,42.368404
2010-07-16,27.001791,28.935444,4.128,38.102627,118.489998,41.192131
2010-07-19,27.092508,28.965113,4.382,37.987545,119.940002,41.072247
2010-07-20,27.347666,29.402866,4.06,39.030834,120.099998,41.27454
2010-07-21,27.347666,28.505125,4.044,38.62426,117.43,40.165688
2010-07-22,28.283266,29.195122,4.2,39.015495,120.07,41.132191
2010-07-23,28.345646,29.551249,4.258,39.636852,118.870003,41.918865
2010-07-26,28.504393,29.922216,4.19,39.222607,118.400002,41.739056
2010-07-27,29.252882,30.189318,4.11,39.09219,117.129997,42.862877
2010-07-28,29.201849,29.914793,4.144,39.222607,117.129997,42.33844
2010-07-29,29.111115,29.833181,4.07,39.168926,116.860001,42.113663
2010-07-30,28.963697,29.885128,3.988,39.268635,117.889999,42.488274
2010-08-02,30.472,30.894144,4.184,39.437401,120.07,42.585686
2010-08-03,30.222496,30.478662,4.39,39.345352,122.419998,42.368404
2010-08-04,30.239502,30.634466,4.252,39.583149,127.580002,43.161713
2010-08-05,30.239502,30.619638,4.09,39.598503,127.830002,42.454868
2010-08-06,30.097748,30.00383,3.918,39.728909,128.320007,42.515022
2010-08-09,30.216827,29.543831,3.92,39.936043,128.830002,42.981232
2010-08-10,30.126099,29.061567,3.806,40.058781,130,42.84589
2010-08-11,29.315247,28.022865,3.58,39.366634,125.889999,42.01123
2010-08-12,29.145142,28.052546,3.52,38.911407,126.559998,41.860832
2010-08-13,28.861637,27.822546,3.664,38.888271,124.690002,41.59013
2010-08-16,28.975031,27.963509,3.756,38.895969,126.07,41.635258
2010-08-17,29.343601,27.807695,3.83,39.366634,128.860001,41.981144
2010-08-18,29.149313,28.111895,3.754,39.243202,129.649994,41.868351
2010-08-19,28.47501,27.503508,3.758,38.625923,127.57,41.364544
2010-08-20,28.172146,27.555428,3.82,38.749382,127.760002,41.387112
2010-08-23,28.252144,27.362543,4.026,39.459244,126.599998,41.281837
2010-08-24,27.743567,26.865448,3.84,39.58271,124.529999,41.808208
2010-08-25,27.955002,26.880283,3.98,39.775589,126.849998,42.913567
2010-08-26,27.960707,26.435125,3.95,39.32806,124.860001,42.319523
2010-08-27,28.326437,27.154791,3.94,39.351212,126.639999,42.251858
2010-08-30,27.994995,26.598347,3.974,39.004005,123.790001,42.161625
2010-08-31,28.114994,26.976736,3.896,38.687637,124.830002,42.484951
2010-09-01,28.612156,28.000603,4.09,39.505531,132.490005,43.454956
2010-09-02,28.777874,28.312222,4.212,39.937618,135.210007,44.056519
2010-09-03,28.960739,29.061567,4.21,40.153671,138.789993,44.041477
2010-09-07,28.903589,28.401255,4.108,40.014782,137.220001,44.094116
2010-09-08,28.835028,29.024471,4.18,39.991634,139.139999,44.52272
2010-09-09,29.029312,29.751574,4.142,40.053356,140.380005,44.319702
2010-09-10,29.063602,29.499315,4.034,40.099674,142.440002,44.770866
2010-09-13,29.720749,30.508343,4.144,40.284843,145.070007,45.154366
2010-09-14,29.8179,30.211565,4.224,40.632076,145.75,45.898788
2010-09-15,30.183619,30.404474,4.396,40.786385,145.449997,46.011585
2010-09-16,30.223619,30.411892,4.188,41.010147,148.130005,46.049187
2010-09-17,30.075054,29.721899,4.046,40.902119,148.320007,46.086773
2010-09-20,30.320776,30.56027,4.212,41.311047,151.300003,46.079254
2010-09-21,30.0522,30.115124,4.154,41.334209,150.729996,46.071739
2010-09-22,29.755045,29.632858,3.974,41.527111,151.830002,46.868801
2010-09-23,29.572184,29.009632,3.912,41.395943,152.850006,46.996628
2010-09-24,30.063629,29.491892,4.02,41.727722,160.729996,48.162151
2010-09-27,29.829342,28.994795,4.106,41.264774,159.369995,47.92152
2010-09-28,29.732185,28.898342,4.28,41.527111,159.699997,48.876499
2010-09-29,29.280748,28.497696,4.396,41.164463,158.990005,48.628349
2010-09-30,28.909307,28.23802,4.082,41.295639,157.059998,48.492992
2010-10-01,29.612181,28.794474,4.12,41.172173,153.710007,48.914101
2010-10-04,29.532179,28.935629,4.198,41.334209,155.389999,48.545639
2010-10-05,30.263626,29.448227,4.224,41.666,160.869995,48.62085
2010-10-06,30.097908,29.641384,4.092,42.098087,155.399994,49.184788
2010-10-07,30.029337,29.359077,4.086,41.943771,156.270004,49.072002
2010-10-08,29.977911,29.203066,4.086,41.982353,155.550003,48.342625
2010-10-11,30.0522,29.515078,4.048,42.136665,153.029999,48.365173
2010-10-12,30.057903,30.012823,4.048,41.604271,156.479996,47.628262
2010-10-13,30.206488,29.5968,4.108,41.527111,155.169998,47.643303
2010-10-14,30.31505,28.764759,4.15,41.087296,155.529999,47.507938
2010-10-15,29.875048,27.598412,4.108,41.164463,164.639999,47.898968
2010-10-18,30.0522,28.378452,4.046,41.480816,163.559998,47.53051
2010-10-19,29.612181,27.999577,4.01,41.141323,158.669998,46.778576
2010-10-20,29.909342,28.304165,4.13,41.257057,158.669998,47.079334
2010-10-21,30.029337,28.007011,4.15,41.68914,164.970001,47.823765
2010-10-22,29.835043,28.007011,4.144,41.712292,169.130005,48.147102
2010-10-25,29.960764,27.538984,4.17,41.627419,169,48.207256
2010-10-26,29.875048,27.635569,4.272,42.098087,169.949997,47.883923
2010-10-27,29.709335,27.888142,4.2,41.565681,167.509995,47.510506
2010-10-28,29.95505,27.865868,4.238,41.727722,166.839996,47.374729
2010-10-29,29.777901,27.955011,4.368,41.797165,165.229996,47.352089
2010-11-01,29.932199,27.799004,4.282,41.905197,162.580002,47.736824
2010-11-02,30.14934,27.45727,4.25,42.275555,164.610001,48.068733
2010-11-03,30.806496,28.021864,4.354,42.368145,168.470001,47.646301
2010-11-04,32.526546,29.567081,4.98,42.715363,168.929993,49.396446
2010-11-05,31.74367,30.413975,4.888,42.591911,170.770004,49.33609
2010-11-08,31.835087,30.094536,4.996,42.368145,171.990005,48.891014
2010-11-09,31.675087,29.641384,4.926,42.47617,170.270004,48.445923
2010-11-10,31.869389,30.176256,5.872,42.059517,173.330002,48.619438
2010-11-11,31.635094,29.730522,5.608,41.928333,170.369995,49.298374
2010-11-12,31.240782,29.425926,5.968,41.7663,165.679993,49.185246
2010-11-15,31.166512,29.775085,6.16,41.627419,158.899994,49.396446
2010-11-16,30.235058,29.425926,5.934,41.866592,157.779999,49.592575
2010-11-17,30.235054,29.106485,5.898,41.488525,158.350006,50.558182
2010-11-18,30.730234,29.463081,5.978,41.65057,164.169998,50.098011
2010-11-19,30.327179,29.277342,6.198,41.966915,164.820007,50.211182
2010-11-22,30.096859,28.608755,6.68,41.959198,170.389999,50.73925
2010-11-23,29.423176,27.955011,6.914,41.411362,168.199997,50.467659
2010-11-24,29.745628,28.348742,7.094,41.673717,177.25,50.95047
2010-11-26,29.244694,27.858425,7.064,41.465389,177.199997,50.709061
2010-11-29,29.377119,28.163013,6.866,41.550251,179.490005,50.520458
2010-11-30,29.112251,27.784143,7.066,41.735439,175.399994,51.003258
2010-12-01,29.653507,28.341314,6.87,42.206108,176.550003,51.531338
2010-12-02,29.952919,29.203066,6.47,42.244698,176.529999,52.059391
2010-12-03,30.275358,29.425926,6.298,42.144386,175.679993,51.591679
2010-12-06,30.154449,29.641384,6.062,42.044071,178.050003,52.195164
2010-12-07,30.079594,29.158493,6.312,42.507023,176.770004,52.534657
2010-12-08,29.998978,29.908808,6.474,42.276588,176.289993,52.240448
2010-12-09,30.229292,30.317402,6.41,42.160225,174.850006,53.575668
2010-12-10,30.286875,30.777998,6.304,42.113678,175.619995,53.749172
2010-12-13,30.304157,30.837431,6.11,42.059353,174.25,53.364445
2010-12-14,30.332943,30.302546,5.706,42.245567,173.940002,53.719017
2010-12-15,29.745628,29.87166,5.92,42.074863,175.570007,53.598324
2010-12-16,29.682289,29.723097,6.162,42.385239,178.039993,54.405521
2010-12-17,29.371363,29.470501,6.272,42.214527,177.580002,54.194263
2010-12-20,29.342569,29.678516,6.34,41.717979,183.289993,54.548828
2010-12-21,29.521063,30.458549,6.452,41.624893,184.75,54.556362
2010-12-22,29.659256,31.320311,6.526,41.361099,184.759995,54.518661
2010-12-23,29.636229,31.26088,6.018,41.586082,182.589996,54.496021
2010-12-27,29.480755,31.699184,5.11,41.562809,182.139999,54.375313
2010-12-28,29.388638,31.654606,5.282,41.694714,181.089996,54.850578
2010-12-29,29.532585,31.468897,5.546,41.958492,183.369995,54.843025
2010-12-30,29.296505,31.372293,5.3,41.950737,182.75,54.956184
2010-12-31,29.388638,31.513453,5.326,41.842133,180,54.473412
2011-01-03,29.734118,32.375217,5.324,42.330917,184.220001,54.66954
2011-01-04,29.981709,32.843777,5.334,42.493835,185.009995,54.563915
2011-01-05,30.736008,33.245392,5.366,42.214527,187.419998,53.553043
2011-01-06,30.672659,33.081783,5.576,41.865391,185.860001,53.29657
2011-01-07,30.45962,32.457024,5.648,41.958492,185.490005,53.29657
2011-01-10,30.206266,32.278522,5.69,41.686951,184.679993,53.168327
2011-01-11,30.874186,32.427277,5.392,42.121441,184.339996,53.613415
2011-01-12,32.394283,33.252831,5.392,42.555901,184.080002,53.930241
2011-01-13,32.348228,33.059456,5.244,42.509361,185.529999,54.013222
2011-01-14,32.336716,33.401588,5.15,42.524876,188.75,54.699707
2011-01-18,32.572796,33.282585,5.128,42.780899,191.25,54.767563
2011-01-19,32.273369,32.509075,4.806,42.69556,186.869995,54.367767
2011-01-20,31.985477,33.282585,4.524,43.440388,181.960007,54.586517
2011-01-21,32.00275,33.684208,4.608,43.238663,177.419998,54.895821
2011-01-24,32.100636,33.483387,4.898,43.486942,176.850006,54.782673
2011-01-25,31.876078,33.37183,4.936,44.425724,176.699997,54.661968
2011-01-26,31.835764,33.453648,4.95,44.472282,175.389999,54.782673
2011-01-27,31.922136,33.542892,4.984,44.666252,184.449997,55.159878
2011-01-28,31.179356,33.126385,4.802,43.991261,171.139999,54.26218
2011-01-31,31.461512,33.423882,4.82,43.50246,169.639999,54.194263
2011-02-01,32.008514,34.160202,4.782,43.704182,172.110001,54.639343
2011-02-02,32.705219,33.803207,4.788,43.339539,173.529999,53.44743
2011-02-03,32.981602,33.810642,4.726,43.386082,173.710007,55.846344
2011-02-04,32.676437,33.163582,4.692,43.471428,175.929993,55.921776
2011-02-07,32.728252,33.840385,4.614,43.50246,176.429993,56.012295
2011-02-08,33.206165,34.01889,4.898,43.742977,183.059998,56.427227
2011-02-09,33.574673,33.550323,4.642,44.014526,185.300003,56.483952
2011-02-10,33.085236,33.862694,4.644,43.130058,186.210007,56.393173
2011-02-11,32.958572,34.636196,4.65,43.207626,189.25,56.763863
2011-02-14,32.630367,34.613876,4.616,42.517117,190.419998,56.476387
2011-02-15,32.555515,34.822136,4.568,42.633499,189.029999,56.226768
2011-02-16,33.378899,35.655117,4.946,42.323154,186.619995,56.703331
2011-02-17,33.966213,35.565868,4.72,42.478321,187.759995,56.612545
2011-02-18,33.747417,35.699753,4.636,42.967129,186.5,57.058846
2011-02-22,32.267609,34.219704,4.374,41.640392,180.419998,55.893909
2011-02-23,32.509449,34.182507,4.366,41.143852,176.679993,55.099659
2011-02-24,32.388538,34.145325,4.506,40.414547,177.75,55.205547
2011-02-25,32.975853,34.718006,4.722,40.150742,177.240005,55.651867
2011-02-28,31.720613,34.725441,4.778,40.329193,173.289993,56.57473
2011-03-01,30.661148,33.914761,4.788,40.39901,169.440002,55.689671
2011-03-02,30.977835,33.624702,4.804,40.321442,172.020004,54.282692
2011-03-03,31.277252,34.271767,4.872,40.352463,172.789993,54.834892
2011-03-04,30.77631,33.855267,4.99,40.39901,171.669998,55.076958
2011-03-07,30.655388,33.609829,4.988,40.360222,169.080002,54.607975
2011-03-08,31.202398,34.509769,4.932,40.686077,166.889999,55.689671
2011-03-09,31.144808,34.628773,4.944,41.150959,169.050003,56.098164
2011-03-10,30.574776,33.862694,4.802,41.135345,166.139999,55.508129
2011-03-11,30.643877,34.01889,4.814,41.088463,168.070007,54.880272
2011-03-14,30.517191,33.691643,4.65,40.877506,166.729996,54.343197
2011-03-15,30.229292,33.178463,4.59,40.67437,165.080002,54.131393
2011-03-16,29.122643,32.583458,4.564,40.143082,164.699997,52.769802
2011-03-17,29.466288,33.14127,4.562,40.135273,160.970001,53.299309
2011-03-18,29.460457,34.01889,4.592,40.252468,161.820007,53.450607
2011-03-21,30.04874,33.93708,4.546,40.564983,164.520004,53.738037
2011-03-22,29.897305,33.818085,4.438,40.627491,162.600006,54.123856
2011-03-23,29.961367,33.914761,4.442,40.346222,165.320007,53.64727
2011-03-24,30.32832,34.011448,4.466,41.088463,171.100006,54.547432
2011-03-25,30.310837,34.108131,4.55,40.900948,170.979996,54.055756
2011-03-28,30.427338,34.182507,4.65,40.775921,169.350006,53.904461
2011-03-29,30.444801,34.227139,4.784,40.83062,174.619995,54.388584
2011-03-30,30.660316,34.546955,4.742,40.908756,179.419998,55.076958
2011-03-31,30.171041,34.286636,5.55,40.66655,180.130005,55.462746
2011-04-01,30.60206,34.47258,5.332,40.729076,180.130005,56.166229
2011-04-04,30.532173,34.652046,5.166,41.135345,182.940002,56.105732
2011-04-05,30.701077,34.831509,5.34,41.205654,185.289993,56.680599
2011-04-06,31.394207,35.624161,5.298,41.393169,182.759995,56.726025
2011-04-07,31.79027,35.444675,5.448,41.408779,184.910004,58.866768
2011-04-08,31.656303,35.025932,5.298,41.0494,184.710007,57.800167
2011-04-11,31.4641,35.040886,5.054,41.268154,184.039993,57.641323
2011-04-12,31.155407,34.876369,4.93,41.815067,180.479996,57.830425
2011-04-13,31.30102,34.584751,4.986,41.901005,182.289993,57.800167
2011-04-14,31.196175,33.62759,5.028,41.799438,181.820007,57.747231
2011-04-15,31.068024,33.567772,5.116,41.838501,180.009995,58.22377
2011-04-18,30.631191,32.872341,5.006,41.65099,178.339996,58.170834
2011-04-19,30.689436,33.38829,5.032,41.68224,178.820007,58.027119
2011-04-20,31.149567,33.320999,5.15,41.947884,183.869995,59.426533
2011-04-21,31.66213,33.410728,5.348,41.861946,185.889999,59.661049
2011-04-25,31.621367,33.358368,5.278,41.697861,185.419998,59.502182
2011-04-26,31.650484,33.73975,5.386,42.119774,182.300003,60.349396
2011-04-27,31.877636,34.023911,5.416,42.518223,196.630005,61.347897
2011-04-28,31.860165,34.285625,5.532,42.729176,195.070007,61.620235
2011-04-29,31.726202,34.121117,5.52,42.955765,195.809998,61.18906
2011-05-02,31.679615,33.784615,5.49,43.002636,201.190002,61.302521
2011-05-03,31.708725,34.337986,5.374,43.33078,198.449997,60.901604
2011-05-04,31.440804,34.023911,5.338,43.260464,199.970001,60.621712
2011-05-05,30.963186,33.777138,5.288,43.026073,197.110001,60.220802
2011-05-06,30.893297,33.679916,5.424,42.987011,197.600006,60.856224
2011-05-09,30.875811,33.620094,5.582,43.049511,200.800003,61.574829
2011-05-10,31.271894,33.769665,5.666,43.385479,203.940002,62.202694
2011-05-11,30.840879,33.074226,5.414,43.3894,204.380005,61.982693
2011-05-12,30.765148,32.969547,5.534,43.821968,206.070007,63.211704
2011-05-13,30.60206,32.266632,5.51,43.821968,202.559998,62.756519
2011-05-16,30.287544,32.064724,5.32,44.089375,192.509995,62.44545
2011-05-17,30.369085,32.760166,5.192,43.680389,194.809998,62.748928
2011-05-18,30.427834,32.962063,5.27,43.397266,197.089996,63.151024
2011-05-19,30.562975,32.902241,5.64,43.633209,198.800003,63.621399
2011-05-20,30.322084,32.251667,5.594,43.483788,198.649994,63.272427
2011-05-23,29.752188,31.817963,5.364,43.428741,196.220001,62.69582
2011-05-24,29.675812,31.660921,5.344,43.082687,193.270004,61.717148
2011-05-25,29.899071,31.608576,5.796,42.90966,192.259995,60.935738
2011-05-26,30.128212,31.743185,5.896,42.956841,195,61.307491
2011-05-27,30.380835,31.997423,5.91,43.019764,194.130005,61.853695
2011-05-31,30.762728,32.333931,6.028,43.428741,196.690002,62.574448
2011-06-01,30.204575,31.227224,5.704,42.70517,192.399994,60.852264
2011-06-02,30.316219,31.115055,5.752,42.115326,193.649994,59.934288
2011-06-03,30.157583,31.085133,6.026,42.201839,188.320007,59.031467
2011-06-06,29.934317,30.307449,5.74,42.280491,185.690002,58.940437
2011-06-07,30.028328,30.449518,5.674,42.335541,187.550003,59.44875
2011-06-08,29.658186,30.202763,5.424,42.22543,188.050003,59.881203
2011-06-09,29.899071,30.64395,5.524,42.170372,189.679993,59.957054
2011-06-10,29.346798,30.696293,5.572,41.462559,186.529999,59.403225
2011-06-13,29.523062,31.159914,5.686,41.383915,186.289993,59.517021
2011-06-14,29.658186,31.115055,5.72,41.611988,189.960007,60.116371
2011-06-15,29.006035,30.419624,5.464,41.147976,185.979996,59.122536
2011-06-16,28.829779,30.180325,5.3,41.549076,183.649994,59.820496
2011-06-17,28.794514,30.509342,5.3,41.541203,186.369995,60.412228
2011-06-20,28.712276,30.270061,5.202,41.714226,187.720001,61.641293
2011-06-21,29.006035,30.591602,5.506,41.910854,194.229996,61.747505
2011-06-22,28.577145,30.427099,5.442,41.69062,191.630005,61.087467
2011-06-23,28.45376,29.963474,5.542,41.910854,194.160004,60.996433
2011-06-24,28.342133,29.529757,5.514,41.218761,192.550003,60.032921
2011-06-27,28.477261,29.821392,5.492,41.124382,201.25,60.579159
2011-06-28,28.612391,29.567139,5.622,41.313133,202.350006,60.685371
2011-06-29,28.964909,30.247631,5.658,41.399647,204.179993,60.71571
2011-06-30,29.152914,30.614037,5.826,41.792881,204.490005,61.633698
2011-07-01,29.675812,31.283653,5.804,42.083862,209.490005,61.861298
2011-07-05,29.546553,30.869841,5.828,41.989498,213.190002,61.671635
2011-07-06,29.405548,30.516228,5.792,42.249035,214.190002,62.69582
2011-07-07,29.4408,31.088028,5.946,42.854599,216.740005,62.255795
2011-07-08,29.276297,30.651669,5.762,42.532154,218.279999,61.762669
2011-07-11,28.771032,29.66604,5.67,42.366989,212.550003,61.208817
2011-07-12,28.265753,29.63595,5.634,42.422043,211.229996,61.231617
2011-07-13,28.494881,29.809002,5.728,42.48497,213.5,61.330223
2011-07-14,28.359756,30.358225,5.522,42.178246,210.380005,60.94331
2011-07-15,28.45376,30.079849,5.516,42.178246,212.869995,60.586739
2011-07-18,28.001362,29.967001,5.446,41.934444,211.529999,60.017742
2011-07-19,28.265753,30.388325,5.578,42.445641,218.059998,61.307491
2011-07-20,28.659389,30.817165,5.738,42.382725,215.550003,61.216438
2011-07-21,29.158791,31.817837,5.74,42.838875,213.210007,61.84613
2011-07-22,29.317421,31.742603,5.858,42.878212,216.520004,61.959927
2011-07-25,29.117661,31.366404,5.698,42.445641,213.490005,61.573009
2011-07-26,29.282177,31.17832,5.6,42.146793,214.179993,61.11021
2011-07-27,28.806276,30.598984,5.528,41.879383,222.520004,59.471508
2011-07-28,28.906149,30.606518,5.634,41.674904,223.899994,59.425999
2011-07-29,28.712276,30.433472,5.634,41.4547,222.520004,59.365303
2011-08-01,29.176411,30.425945,5.754,41.383915,221.320007,58.95562
2011-08-02,28.964909,29.97452,5.468,40.644646,211.699997,57.529358
2011-08-03,28.888517,30.019667,5.44,40.330055,209.960007,58.663334
2011-08-04,27.431471,28.529961,4.95,39.402016,201.479996,58.229523
2011-08-05,27.073084,28.289202,4.848,39.991871,202.699997,58.404564
2011-08-08,25.157755,25.625811,4.728,38.473969,193.699997,53.746826
2011-08-09,26.391558,27.38637,5.012,39.968269,205.089996,56.821537
2011-08-10,24.393976,25.859039,4.764,38.348305,194.130005,53.571774
2011-08-11,25.909782,27.604538,5.06,39.393955,198.360001,55.261341
2011-08-12,26.156542,27.017698,5.262,39.409805,202.300003,55.398357
2011-08-15,26.509058,27.747496,5.246,39.591995,202.949997,56.380138
2011-08-16,26.456173,27.107983,5.22,41.12878,197.679993,57.186859
2011-08-17,26.580805,27.514257,5.166,40.835686,195.929993,57.932709
2011-08-18,24.996281,26.475988,4.852,41.025803,182.520004,56.593212
2011-08-19,24.782642,25.84399,4.46,41.429813,178.929993,56.593212
2011-08-22,24.871653,25.136768,4.39,41.342655,177.539993,56.638889
2011-08-23,25.411695,26.167515,4.592,42.150665,193.550003,58.008816
2011-08-24,25.198059,26.95751,4.774,42.277405,193.729996,58.975365
2011-08-25,24.758902,26.874746,4.622,41.746666,192.029999,57.734821
2011-08-26,24.604601,27.24341,4.746,41.905113,199.270004,58.762272
2011-08-29,25.29895,28.319305,4.942,42.134811,206.529999,59.203693
2011-08-30,25.411695,27.882923,4.926,41.841724,210.919998,59.416798
2011-08-31,25.850853,28.259108,4.948,42.134811,215.229996,59.774487
2011-09-01,25.536322,27.311129,4.8,41.707066,212.539993,60.489895
2011-09-02,25.168383,26.054661,4.614,41.215919,210,59.789707
2011-09-06,24.373158,25.15934,4.588,40.93866,216.179993,59.667946
2011-09-07,25.014095,26.197611,4.768,41.524853,219.899994,61.349907
2011-09-08,24.533386,25.212006,4.722,41.358509,217.259995,61.464077
2011-09-09,23.767836,24.136114,4.594,40.685173,211.389999,60.048458
2011-09-12,23.393959,24.391914,4.576,41.049568,216.559998,60.67255
2011-09-13,23.566055,24.444582,4.816,40.867382,219.529999,61.426025
2011-09-14,23.726288,24.677818,4.868,41.350574,222.570007,62.331696
2011-09-15,24.568996,25.437717,4.964,41.596142,226.779999,63.176487
2011-09-16,24.723291,25.15181,5.16,41.707066,239.300003,64.112579
2011-09-19,23.957739,24.444582,5.154,41.548637,241.690002,64.713821
2011-09-20,24.070498,24.264019,5.202,41.421879,233.25,64.744301
2011-09-21,23.215925,22.826981,5.17,40.653481,231.869995,64.257195
2011-09-22,22.319813,22.021948,5.126,39.829651,223.229996,63.305843
2011-09-23,22.859846,22.262699,5.276,40.241566,223.610001,63.450466
2011-09-26,23.287132,23.81259,5.104,41.057472,229.850006,64.2724
2011-09-27,23.821243,23.752399,5.238,41.215919,224.210007,64.181122
2011-09-28,23.209986,22.924791,4.918,40.645584,229.710007,63.770111
2011-09-29,23.785639,23.616968,4.824,41.136711,222.440002,63.153641
2011-09-30,22.574993,22.661457,4.878,41.112942,216.229996,62.506741
2011-10-03,21.975599,21.555475,4.746,41.160477,211.979996,62.126183
2011-10-04,22.272329,22.967213,4.732,41.889248,212.5,62.141415
2011-10-05,22.379152,23.407419,5.074,41.707066,219.5,61.075947
2011-10-06,23.435499,24.576273,5.392,41.786274,221.509995,60.276821
2011-10-07,23.304941,23.301163,5.398,42.538818,224.740005,60.139812
2011-10-10,24.147644,24.515551,5.576,43.41811,231.320007,61.821762
2011-10-11,23.993347,24.515551,5.522,43.346821,235.479996,61.570633
2011-10-12,24.693623,25.198648,5.56,43.727051,236.809998,61.966385
2011-10-13,24.557127,23.984259,5.588,43.584473,236.149994,62.156651
2011-10-14,24.705486,24.20437,5.61,43.933014,246.710007,62.232746
2011-10-17,24.224796,23.559221,5.484,43.39436,242.330002,62.681774
2011-10-18,24.509653,24.948181,5.668,44.273643,243.880005,64.363785
2011-10-19,24.20105,24.477613,5.514,44.558815,231.529999,64.219162
2011-10-20,24.094236,25.145525,5.468,44.653889,233.610001,64.127815
2011-10-21,24.515585,25.365625,5.606,45.089565,234.779999,64.919357
2011-10-24,25.138712,26.238474,5.71,44.978653,237.610001,64.29525
2011-10-25,24.646147,25.418762,5.65,44.923206,227.149994,63.343914
2011-10-26,25.120901,25.942469,5.596,45.446033,198.399994,63.724464
2011-10-27,26.610474,28.098015,5.752,45.794586,206.779999,64.858444
2011-10-28,26.942812,27.847534,5.974,45.271751,217.320007,64.637726
2011-10-31,25.910204,26.382685,5.874,44.931137,213.509995,63.359161
2011-11-01,25.174316,24.826736,5.776,44.542976,212.100006,63.435242
2011-11-02,25.708431,25.532614,5.742,45.042027,215.619995,64.257195
2011-11-03,25.827118,26.094261,6.492,45.485641,218.289993,64.462708
2011-11-04,25.738102,25.783083,6.462,45.549015,216.479996,63.785309
2011-11-07,25.761847,25.988016,6.254,45.897587,217,64.05172
2011-11-08,25.993292,26.580027,6.368,46.990726,217.990005,64.87603
2011-11-09,23.732237,24.697714,6.176,45.984703,211.220001,63.662449
2011-11-10,23.506716,24.849518,6.266,46.048084,210.789993,63.135826
2011-11-11,23.8806,25.259373,6.728,46.895683,217.389999,63.380074
2011-11-14,23.720354,24.705309,6.644,46.650105,218.929993,63.692974
2011-11-15,23.684755,24.819155,6.786,45.517326,217.830002,64.479134
2011-11-16,22.812378,23.885592,6.988,44.89946,211.990005,63.303722
2011-11-17,22.349482,23.141771,6.736,44.93906,204.520004,62.571018
2011-11-18,22.539385,23.240442,6.52,45.335136,197.139999,62.372593
2011-11-21,21.904387,22.701559,6.352,44.883614,189.25,62.04438
2011-11-22,22.120665,22.322058,6.414,45.034103,192.339996,62.441254
2011-11-23,21.525892,21.540295,6.29,44.867771,188.990005,61.639858
2011-11-25,21.579966,21.616186,6.332,45.065796,182.399994,61.685658
2011-11-28,22.727461,22.132311,6.512,45.350983,194.149994,62.76181
2011-11-29,22.619314,21.67691,6.35,46.079769,188.389999,63.738766
2011-11-30,23.520487,23.506092,6.548,46.658039,192.289993,65.105011
2011-12-01,23.334238,23.119003,6.52,46.428303,197.130005,66.471222
2011-12-02,23.772806,24.538324,6.66,46.016388,196.029999,66.196457
2011-12-05,24.235416,25.433939,6.884,46.214428,196.240005,66.555183
2011-12-06,23.838896,25.221418,6.974,46.562984,191.990005,67.211548
2011-12-07,24.181341,25.805845,6.838,46.638699,195.320007,66.76123
2011-12-08,23.430365,24.45484,6.178,46.216236,190.479996,65.456093
2011-12-09,23.742781,25.183464,6.208,46.487259,193.029999,64.395164
2011-12-12,22.949745,24.318216,6.082,46.303917,189.520004,64.227264
2011-12-13,22.703419,23.748966,5.89,45.91333,180.509995,63.830376
2011-12-14,22.324934,23.915945,5.706,45.953197,180.210007,63.158745
2011-12-15,22.348967,24.105696,5.724,46.192318,181.259995,63.021351
2011-12-16,22.324934,24.20437,5.6,46.447403,181.259995,63.021351
2011-12-19,22.054585,23.301163,5.55,46.05682,179.330002,62.632088
2011-12-20,22.835588,24.447247,5.58,47.180733,182.520004,63.838009
2011-12-21,22.769512,24.530729,5.514,47.34016,174.350006,63.95248
2011-12-22,23.045858,25.388397,5.554,47.180733,179.029999,63.937252
2011-12-23,23.135988,25.479483,5.58,47.81842,177.279999,64.616516
2011-12-27,23.039864,25.069616,5.714,47.69088,176.270004,64.55545
2011-12-28,22.613308,24.781206,5.702,47.611183,173.889999,64.25016
2011-12-29,22.859631,25.365625,5.746,47.81842,173.860001,64.372276
2011-12-30,22.889666,25.236607,5.712,47.635086,173.100006,63.593754
2012-01-03,23.568541,26.54966,5.616,48.089451,179.029999,64.570717
2012-01-04,23.580563,26.71785,5.542,47.595226,177.509995,64.166199
2012-01-05,23.310213,27.275898,5.424,47.364067,177.610001,63.547962
2012-01-06,23.015829,27.031265,5.382,47.029282,182.610001,61.922256
2012-01-09,22.985786,26.985403,5.45,47.172768,178.559998,60.304184
2012-01-10,23.430365,27.558754,5.524,47.061169,179.339996,60.411041
2012-01-11,23.160019,28.025068,5.646,47.348125,178.899994,61.052158
2012-01-12,23.226103,28.170319,5.65,47.427849,175.929993,61.021622
2012-01-13,23.190056,27.45937,4.558,47.459732,178.419998,61.525379
2012-01-17,23.700718,26.687258,5.32,47.706825,181.660004,62.143593
2012-01-18,24.103241,27.933334,5.362,47.834351,189.440002,62.40308
2012-01-19,24.854212,28.23147,5.352,48.312634,194.449997,61.983318
2012-01-20,25.473017,28.560198,5.32,48.631477,190.929993,62.135956
2012-01-23,25.418951,28.789524,5.354,48.551773,186.089996,62.311489
2012-01-24,25.370876,28.789524,5.484,48.934372,187,62.380199
2012-01-25,25.244722,28.743668,5.594,48.998138,187.800003,63.135826
2012-01-26,25.340843,28.659565,5.788,48.599602,193.320007,62.632088
2012-01-27,25.587168,28.445518,5.866,48.39233,195.369995,62.296246
2012-01-30,24.914286,28.292629,5.914,48.862629,192.149994,62.158882
2012-01-31,25.130571,28.514332,5.814,48.910454,194.440002,62.792366
2012-02-01,25.695307,28.743668,5.916,49.564095,179.460007,63.517437
2012-02-02,25.935612,28.705441,6.05,49.37278,181.720001,65.265266
2012-02-03,26.638531,29.263494,6.23,49.444519,187.679993,65.150803
2012-02-06,26.476311,29.156473,6.36,49.324959,183.139999,64.906563
2012-02-07,26.710615,28.950068,6.32,49.173504,184.190002,64.540192
2012-02-08,27.004995,29.278784,6.386,49.11771,185.479996,64.509583
2012-02-09,27.004995,28.942425,6.516,49.388733,184.979996,64.700912
2012-02-10,26.398216,28.751312,6.22,49.340904,185.539993,64.448341
2012-02-13,26.764688,29.278784,6.298,49.253212,191.589996,64.195747
2012-02-14,26.470303,28.988285,6.634,49.595982,191.300003,64.371803
2012-02-15,26.974958,28.590775,6.72,49.229301,184.470001,63.713528
2012-02-16,27.287367,29.049442,6.836,49.452492,179.929993,64.333527
2012-02-17,27.521671,29.408751,6.994,49.803211,182.5,64.655022
2012-02-21,27.425547,29.401093,6.9,47.882183,182.259995,64.49427
2012-02-22,27.143175,29.102951,6.844,46.710442,180.580002,64.532524
2012-02-23,27.239305,29.424028,6.906,46.662621,178.889999,64.884628
2012-02-24,27.395506,29.263494,6.75,46.861885,179.130005,64.601425
2012-02-27,26.404221,29.85977,6.724,46.598839,178.529999,65.129562
2012-02-28,26.890852,29.97444,6.762,46.973488,183.800003,65.267342
2012-02-29,26.686594,29.997387,6.682,47.093056,179.690002,65.872017
2012-03-01,27.215275,30.861214,6.882,46.885796,180.039993,65.948578
2012-03-02,27.071085,31.059965,6.808,47.037262,179.300003,66.002159
2012-03-05,26.704611,30.884146,6.754,47.348125,180.259995,67.073746
2012-03-06,25.929605,30.058531,6.622,47.005379,181.089996,67.035446
2012-03-07,26.121851,30.540142,6.624,47.714794,183.770004,67.272736
2012-03-08,26.452288,30.914719,6.614,47.961948,187.639999,67.586548
2012-03-09,26.26605,31.365749,6.948,48.210701,184.320007,68.382599
2012-03-12,26.187939,30.991169,7.202,48.692173,183.389999,68.451492
2012-03-13,27.25132,33.16988,7.218,48.948956,184.589996,68.872452
2012-03-14,27.501499,33.315128,7.058,49.013149,182.259995,69.576668
2012-03-15,27.574715,34.171314,7,49.133507,184.429993,70.005287
2012-03-16,27.989653,34.071949,7.064,48.820576,185.050003,69.224533
2012-03-19,27.971352,34.400665,6.996,48.740326,185.520004,68.903061
2012-03-20,27.409969,34.691158,6.992,48.627968,192.330002,69.086777
2012-03-21,27.379459,34.492378,7.03,48.595882,191.729996,69.37764
2012-03-22,27.202492,34.133114,6.88,48.668114,192.399994,69.2705
2012-03-23,27.092674,34.522972,6.816,48.748348,195.039993,69.094421
2012-03-26,27.403873,35.295071,7.48,49.10944,202.869995,70.051216
2012-03-27,27.416075,35.081032,7.588,49.021175,205.440002,69.867508
2012-03-28,27.202492,35.371525,7.57,49.101402,201.160004,69.362328
2012-03-29,26.824183,34.912842,7.466,48.804516,204.610001,68.765297
2012-03-30,27.086567,35.149837,7.448,49.10944,202.509995,69.500122
2012-04-02,27.269623,35.264496,7.316,49.237831,198.050003,70.296127
2012-04-03,27.336746,34.949017,7.602,48.668114,199.660004,69.186295
2012-04-04,27.062151,34.17186,7,48.355141,193.990005,68.152977
2012-04-05,26.750959,34.117992,6.896,48.684135,194.389999,67.854446
2012-04-09,26.555693,33.771732,6.63,48.250835,191.869995,67.265083
2012-04-10,25.884478,33.056145,6.492,48.090347,186.979996,66.507301
2012-04-11,26.201778,33.864071,6.618,47.986027,187.970001,66.836418
2012-04-12,26.696039,34.50272,6.688,48.25885,190.690002,66.729294
2012-04-13,26.213987,33.248486,6.718,47.961948,188.460007,66.071053
2012-04-16,26.293314,33.340832,6.45,48.611931,185.5,66.499664
2012-04-17,26.879103,33.779434,6.448,49.647083,188.389999,67.104355
2012-04-18,27.001143,33.310066,6.532,49.799538,191.070007,67.410507
2012-04-19,27.117073,33.256203,6.632,49.550785,191.100006,66.683372
2012-04-20,27.269623,32.871464,6.632,50.112484,189.979996,67.035446
2012-04-23,26.927906,32.971497,6.388,47.777401,188.240005,66.300659
2012-04-24,27.300137,33.302364,6.364,46.357067,190.330002,66.155212
2012-04-25,27.361149,33.210033,6.582,46.028065,194.419998,66.805801
2012-04-26,27.495398,33.702492,6.698,47.303951,195.990005,67.418182
2012-04-27,27.812704,33.348522,6.668,47.368141,226.850006,67.885086
2012-04-30,27.562525,33.071529,6.626,47.271854,231.899994,67.494713
2012-05-01,28.044577,33.694794,6.756,47.40023,230.039993,66.568558
2012-05-02,27.922531,33.240784,6.788,47.352097,230.25,66.315948
2012-05-03,27.831001,33.094608,6.492,47.336056,229.449997,64.478951
2012-05-04,27.385565,32.12508,6.366,47.103336,223.990005,63.828339
2012-05-07,27.501499,32.148163,6.494,47.496532,225.160004,63.64465
2012-05-08,27.330647,31.840376,6.038,47.384186,223.899994,63.25428
2012-05-09,27.129278,31.270987,6.012,47.689571,222.979996,63.238964
2012-05-10,27.330647,31.347931,6.592,47.818817,226.690002,64.203415
2012-05-11,26.995039,28.439358,6.45,48.004654,227.679993,64.754517
2012-05-14,26.696039,27.539087,6.012,47.721886,222.929993,64.524872
2012-05-15,26.641125,27.885347,5.886,47.948093,224.389999,64.739204
2012-05-16,26.110891,27.28516,5.836,47.818817,224.059998,64.991798
2012-05-17,25.334042,26.107887,5.714,49.830482,218.360001,63.889584
2012-05-18,24.883955,25.76932,5.512,50.436386,213.850006,63.483902
2012-05-21,25.28471,25.015244,5.754,50.929192,218.110001,64.088608
2012-05-22,25.315552,26.169434,6.16,51.486641,215.330002,63.820671
2012-05-23,25.001097,26.361807,6.204,52.17334,217.279999,63.978107
2012-05-24,24.982607,26.138664,6.056,52.569214,215.240005,64.876625
2012-05-25,24.803808,25.777016,5.962,52.7631,212.889999,64.876625
2012-05-29,24.908617,25.877052,6.338,53.062031,214.75,66.535385
2012-05-30,24.119436,25.361509,6.082,52.868145,209.229996,65.89801
2012-05-31,24.353725,25.507702,5.9,53.175125,212.910004,66.343422
2012-06-01,23.854319,24.56896,5.63,52.956993,208.220001,65.65226
2012-06-04,24.082438,23.853357,5.576,53.312466,214.570007,66.473961
2012-06-05,24.298235,24.615128,5.582,52.916607,213.210007,66.635231
2012-06-06,25.309381,25.446148,5.844,53.264,217.639999,67.410873
2012-06-07,25.586819,25.246086,5.786,53.215523,218.800003,67.679649
2012-06-08,25.48201,25.915514,6.016,55.114048,218.479996,68.148102
2012-06-11,25.297041,25.253784,5.824,54.556614,216.5,67.510704
2012-06-12,25.97525,25.984768,5.932,54.710121,216.419998,67.963783
2012-06-13,25.97525,26.392588,5.954,54.184982,214.729996,67.142075
2012-06-14,26.2342,26.661905,5.878,54.637398,214.449997,68.985168
2012-06-15,26.560976,26.954292,5.982,54.734341,218.350006,70.221565
2012-06-18,26.468479,26.638813,6.368,55.033272,222.660004,70.67469
2012-06-19,27.183676,27.223606,6.418,54.782822,224.029999,70.544121
2012-06-20,27.36866,28.046932,6.756,55.356419,223.020004,70.259979
2012-06-21,26.696613,27.323637,6.438,54.693947,220.570007,69.422913
2012-06-22,27.060381,27.692982,6.758,54.370792,222.160004,69.829941
2012-06-25,26.702787,27.177446,6.622,55.08173,220.070007,69.783844
2012-06-26,27.041882,27.477535,6.322,55.404896,225.610001,70.413574
2012-06-27,27.485796,28.300858,6.392,55.412975,225.619995,70.129433
2012-06-28,26.937065,27.608343,6.282,55.17868,221.309998,71.358154
2012-06-29,27.208344,27.49292,6.258,56.325867,228.350006,72.955482
2012-07-02,27.689255,27.916124,6.08,56.026955,229.320007,72.494728
2012-07-03,27.633768,27.838539,6.132,57.157993,229.529999,72.510078
2012-07-05,27.171356,26.674715,6.246,57.424603,227.059998,72.187538
2012-07-06,27.060381,26.302296,6.198,57.650814,225.050003,71.941795
2012-07-09,26.980227,26.348839,6.298,57.97398,225.050003,72.164528
2012-07-10,26.967905,26.573853,6.254,58.256725,219.5,72.033943
2012-07-11,27.202185,26.837652,6.302,58.377926,218.369995,72.571526
2012-07-12,26.499321,26.410919,6.54,58.418304,215.360001,72.202881
2012-07-13,26.887739,27.985954,6.85,59.121162,218.389999,72.80957
2012-07-16,26.807587,27.22559,7.192,58.959614,216.009995,73.070709
2012-07-17,26.684296,27.148003,6.67,59.056538,216.929993,73.769531
2012-07-18,26.345179,27.124729,6.43,58.854568,217.470001,73.692719
2012-07-19,26.57946,26.736786,6.454,57.788162,226.169998,73.685051
2012-07-20,25.716303,26.302296,6.358,58.369839,228.289993,73.42392
2012-07-23,24.853123,26.721264,6.132,58.046696,226.009995,72.487045
2012-07-24,24.470871,26.946276,5.968,58.280979,223.039993,72.248978
2012-07-25,24.72982,27.287659,5.79,58.232487,217.050003,71.995552
2012-07-26,25.414194,27.78421,5.626,59.517036,220.009995,73.654312
2012-07-27,25.969091,28.622175,5.902,60.203743,237.320007,74.575844
2012-07-30,26.345179,28.04026,5.47,60.575375,236.089996,74.076698
2012-07-31,25.771795,27.931641,5.484,60.131023,233.300003,73.861687
2012-08-01,25.938246,27.931641,5.25,59.476658,232.089996,73.677368
2012-08-02,25.814953,27.287659,5.22,59.824051,230.809998,73.49305
2012-08-03,26.930901,28.001478,5.454,60.227989,234.970001,74.652634
2012-08-06,26.832249,28.164404,5.654,60.009861,233.990005,74.107414
2012-08-07,26.961731,28.715277,6.05,59.775558,236.559998,73.569855
2012-08-08,27.165192,28.831665,5.818,60.358765,234.380005,73.650711
2012-08-09,27.294674,28.645439,5.882,59.985134,234.059998,73.450462
2012-08-10,27.436476,28.68424,5.988,59.847054,232.75,73.396576
2012-08-13,27.424143,28.69977,6.234,59.61961,232.440002,73.650711
2012-08-14,27.473467,28.785103,5.884,60.115089,233.190002,73.681541
2012-08-15,27.48592,28.761824,5.88,60.472473,237.419998,74.297646
2012-08-16,27.710146,28.785103,6.06,58.604271,241.550003,74.305359
2012-08-17,27.878307,28.692001,6.002,58.474331,241.169998,74.043518
2012-08-20,27.654081,28.994585,5.902,58.726128,240.350006,73.95108
2012-08-21,27.791115,29.514439,5.822,58.019478,239.449997,73.388863
2012-08-22,27.68523,29.351509,5.99,58.295643,243.100006,73.573708
2012-08-23,27.573122,28.885965,6.146,58.125046,241.199997,72.965279
2012-08-24,27.436094,28.839417,5.9,58.571789,245.740005,74.128204
2012-08-27,27.367582,28.885965,5.664,58.888584,243.919998,74.428558
2012-08-28,27.517056,28.808382,5.738,58.815483,246.110001,74.374672
2012-08-29,27.398718,28.940285,5.682,59.107883,247.119995,74.790535
2012-08-30,27.093533,28.62994,5.682,58.685509,246.220001,75.930397
2012-08-31,27.174507,28.816137,5.704,58.969814,248.270004,75.375877
2012-09-04,26.981426,28.715277,5.628,59.708973,247.880005,75.591553
2012-09-05,26.831936,28.792856,5.588,59.741432,246.220001,75.645447
2012-09-06,27.566891,30.018753,5.71,60.7649,251.380005,77.000938
2012-09-07,28.090073,30.492041,5.87,59.960747,259.140015,76.800682
2012-09-10,27.95928,30.073065,5.474,59.708973,257.089996,77.3629
2012-09-11,28.2707,30.724798,5.56,60.155678,255.669998,76.646637
2012-09-12,28.526064,30.973085,5.656,60.163822,255.630005,77.70179
2012-09-13,28.968281,32.121387,5.896,61.032921,260.23999,79.134285
2012-09-14,29.535067,32.253288,6.078,60.513092,261.269989,78.695305
2012-09-17,29.466555,31.958454,6.508,60.09885,258,78.749191
2012-09-18,29.317076,32.012756,6.268,60.066334,258.75,78.548927
2012-09-19,29.678318,32.074825,6.21,60.407494,261.679993,78.464272
2012-09-20,29.678318,32.005009,6.18,60.716167,260.809998,79.049538
2012-09-21,29.65341,31.717932,6.004,60.472473,257.470001,78.833908
2012-09-24,29.603573,31.989479,6.132,60.708015,254.800003,79.026451
2012-09-25,29.161352,31.461887,5.532,60.318169,252.460007,78.125374
2012-09-26,28.937136,31.221371,5.508,60.261284,249.669998,77.786499
2012-09-27,29.410496,31.562752,5.698,60.090721,256.589996,77.247414
2012-09-28,28.937136,31.407583,5.856,59.944511,254.320007,77.139557
2012-10-01,29.429186,31.787752,5.832,60.147587,252.009995,77.409103
2012-10-02,29.267246,31.748964,5.96,59.903904,250.600006,76.623535
2012-10-03,29.447868,31.936552,5.86,60.269417,255.919998,76.723656
2012-10-04,29.914995,32.686897,5.88,60.691811,260.470001,78.156189
2012-10-05,30.064476,32.600914,5.778,61.024807,258.51001,78.394928
2012-10-08,29.802889,32.561844,5.85,61.122269,259.059998,78.056053
2012-10-09,29.460323,32.342987,5.674,60.220676,250.960007,76.73909
2012-10-10,29.40427,32.647812,5.68,61.260357,244.990005,78.217766
2012-10-11,29.759283,32.905746,5.664,60.927349,244.220001,75.722466
2012-10-12,29.846483,32.530579,5.528,61.577145,242.360001,75.12944
2012-10-15,30.213959,33.124592,5.466,62.665558,244.179993,74.328453
2012-10-16,30.693546,33.476315,5.612,62.470634,243.940002,74.705833
2012-10-17,30.917772,33.85931,5.764,62.568111,247.490005,74.536407
2012-10-18,30.849262,33.617001,5.608,62.186337,244.850006,74.189827
2012-10-19,30.581432,33.077709,5.548,61.422813,240,72.996094
2012-10-22,30.99251,32.897934,5.57,61.447205,233.779999,73.165512
2012-10-23,30.525387,32.303913,5.678,60.724281,234.309998,73.304146
2012-10-24,30.713959,32.600914,5.484,60.773018,228.490005,73.643013
2012-10-25,31.185425,32.569664,5.504,61.179138,222.919998,74.413193
2012-10-26,30.977989,32.171032,5.476,61.008556,238.240005,74.65963
2012-10-31,31.028269,32.577465,5.626,60.935474,232.889999,75.80719
2012-11-01,31.650595,33.484146,5.85,59.660221,232.139999,74.805954
2012-11-02,31.367723,33.155869,5.784,59.107883,232.419998,74.028114
2012-11-05,31.128855,33.038612,6.3,59.408413,234.330002,75.268066
2012-11-06,31.392864,33.515396,6.23,59.912014,237.559998,76.084427
2012-11-07,30.682535,31.639542,6.308,59.384041,232.059998,74.936897
2012-11-08,30.192219,31.577007,6.262,58.87233,227.350006,72.965279
2012-11-09,30.116783,31.74896,6.064,58.734234,226.309998,73.519783
2012-11-12,30.229937,31.717691,6.214,58.87233,226.470001,73.920288
2012-11-13,30.167076,31.295633,6.322,58.328121,226.600006,73.696938
2012-11-14,29.865334,30.709419,6.276,57.921993,222.949997,72.967018
2012-11-15,30.053919,30.787579,6.164,55.818233,220.600006,73.917061
2012-11-16,30.016207,30.897017,6.368,55.257778,225.229996,73.909355
2012-11-19,30.990555,31.725513,6.584,56.061932,229.710007,74.589035
2012-11-20,30.820831,31.811506,6.6,56.045685,233.779999,75.013847
2012-11-21,31.040846,31.834942,6.494,55.956322,238.029999,74.720337
2012-11-23,31.575171,32.116325,6.426,57.02039,239.880005,75.631729
2012-11-26,31.342583,31.952185,6.454,56.784832,243.619995,74.349602
2012-11-27,31.285999,31.850569,6.43,56.451805,243.399994,74.542694
2012-11-28,31.430578,31.913101,6.646,57.312782,247.110001,79.231064
2012-11-29,31.870605,32.217934,6.738,57.532112,251.270004,78.690392
2012-11-30,32.140903,32.108505,6.764,58.498695,252.050003,80.266037
2012-12-03,32.078056,31.89747,6.924,57.94635,250.330002,80.783531
2012-12-04,32.197487,31.709887,6.78,58.579926,252.490005,80.636772
2012-12-05,32.606087,32.202305,6.742,58.521122,253.960007,81.833984
2012-12-06,32.530651,32.413326,6.78,58.472107,253.369995,81.437004
2012-12-07,32.486649,33.265293,6.834,59.043831,253.270004,81.511436
2012-12-10,32.39864,33.069881,6.914,58.929478,247.770004,81.833984
2012-12-11,32.587227,33.327816,7.056,57.900364,250.690002,81.30468
2012-12-12,32.555801,33.429428,7.052,56.307682,251.759995,80.816742
2012-12-13,32.511803,33.437225,6.722,56.389362,251.25,80.92424
2012-12-14,32.706673,33.460693,6.762,56.152496,249.190002,80.155128
2012-12-17,32.769524,33.984371,6.88,56.520027,253.860001,81.693382
2012-12-18,32.851246,34.2892,6.918,56.765068,260.399994,82.586555
2012-12-19,33.203262,34.023438,6.922,55.96463,257.98999,81.61068
2012-12-20,33.347847,34.805054,6.886,56.356693,261.5,82.040726
2012-12-21,33.102688,34.390812,6.8,56.070839,256.920013,82.280556
2012-12-24,33.121552,34.328262,6.856,56.005478,258.619995,82.239235
2012-12-26,33.196987,34.359554,6.718,55.53175,248.630005,81.61068
2012-12-27,33.18441,34.101616,6.738,55.69511,248.309998,80.982124
2012-12-28,33.027252,33.79678,6.644,55.221386,245.179993,80.196503
2012-12-31,33.36042,34.367359,6.774,55.727772,250.869995,81.652039
2013-01-02,34.127323,35.146465,7.072,56.552715,257.309998,83.90155
2013-01-03,33.536434,35.07563,6.954,56.19334,258.480011,84.761642
2013-01-04,33.74387,35.697353,6.88,56.405697,259.149994,84.488724
2013-01-07,33.79417,35.736702,6.868,55.866623,268.459991,83.835365
2013-01-08,33.429562,35.807522,6.736,56.021816,266.380005,83.678246
2013-01-09,33.756451,35.78392,6.728,56.005478,266.350006,83.719589
2013-01-10,34.234188,36.319057,6.706,55.833954,265.339996,83.314346
2013-01-11,34.328472,36.31118,6.582,56.054485,267.940002,82.933937
2013-01-14,34.253052,36.106571,6.652,55.784946,272.730011,83.008347
2013-01-15,34.429054,36.476456,6.78,56.340363,271.899994,83.653458
2013-01-16,34.435345,36.846329,6.82,56.528191,268.929993,83.967697
2013-01-17,34.799938,36.547276,6.876,56.234169,270.480011,83.496307
2013-01-18,34.762218,36.563019,6.904,56.520027,272.119995,83.694801
2013-01-22,34.64278,36.625984,7.038,56.830414,270.190002,84.480446
2013-01-23,34.724503,36.382015,7.2,56.756889,268.109985,84.455635
2013-01-24,34.87537,36.492203,7.398,57.001938,273.459991,85.092468
2013-01-25,35.409691,37.113903,7.396,56.356693,283.98999,84.654121
2013-01-28,35.340549,36.704678,7.606,56.642548,276.040009,84.761642
2013-01-29,35.73658,37.082436,7.59,57.083595,260.350006,85.481148
2013-01-30,35.906288,37.090298,7.504,56.969246,272.76001,84.794731
2013-01-31,35.742859,37.027336,7.502,57.132614,265.5,84.637589
2013-02-01,35.723995,37.656933,7.66,57.573658,265,86.134491
2013-02-04,35.026234,37.523129,7.548,56.871254,259.980011,84.753365
2013-02-05,34.988522,38.396687,7.626,57.802345,266.890015,85.439812
2013-02-06,35.189674,38.255028,7.834,58.243412,262.220001,84.332794
2013-02-07,34.78109,37.955978,7.896,58.178082,260.230011,84.457169
2013-02-08,35.679985,38.270779,7.848,58.382259,261.950012,85.236633
2013-02-11,35.353119,38.294384,7.684,58.316925,257.209991,84.573242
2013-02-12,35.818295,38.672131,7.578,58.316925,258.700012,84.382553
2013-02-13,35.742859,38.31012,7.69,58.308754,269.470001,84.274734
2013-02-14,35.403404,38.735088,7.654,57.843185,269.23999,84.598129
2013-02-15,35.56057,38.467514,7.408,56.601719,265.089996,84.722511
2013-02-19,35.390831,38.916096,7.856,56.160671,269.75,84.498619
2013-02-20,35.013676,38.255028,7.708,56.528191,266.410004,83.818657
2013-02-21,34.397617,37.971718,7.032,57.385826,265.940002,83.49527
2013-02-22,34.6805,38.491123,7.222,57.500153,265.420013,83.884995
2013-02-25,34.196468,37.538879,6.876,57.532845,259.869995,82.997704
2013-02-26,34.127323,37.460171,6.886,58.080063,259.359985,82.466995
2013-02-27,34.699368,38.782299,7.02,58.529259,263.25,83.528419
2013-02-28,34.850216,38.498985,6.966,57.810513,264.269989,83.99279
2013-03-01,34.466785,38.491123,6.93,58.594612,265.73999,84.100601
2013-03-04,33.913593,38.640652,7.116,59.836098,273.109985,85.767357
2013-03-05,33.995312,38.947567,7.33,60.211796,275.589996,85.535164
2013-03-06,33.926178,39.37254,7.538,59.934105,273.790009,85.045914
2013-03-07,34.014179,39.84473,7.646,59.885117,273.880005,84.556671
2013-03-08,34.491924,39.506321,7.694,60.033058,274.190002,85.443947
2013-03-11,34.460495,39.726673,7.82,59.991993,271.23999,84.946434
2013-03-12,34.152477,39.569283,7.824,60.501629,274.130005,86.032707
2013-03-13,34.083324,39.474842,7.796,60.542725,275.100006,85.759041
2013-03-14,35.019955,40.135906,7.37,60.189262,265.73999,85.336136
2013-03-15,34.284485,39.36467,7.058,59.597404,261.820007,84.374252
2013-03-18,34.209038,38.96331,7.03,59.391888,257.890015,84.3162
2013-03-19,34.064465,38.719353,7.016,59.556282,256.410004,84.681068
2013-03-20,34.441616,38.656384,7.19,60.000195,257.279999,85.477119
2013-03-21,34.070866,38.050415,7.202,60.115276,253.389999,85.84198
2013-03-22,34.173134,38.388821,7.324,61.060623,257.75,87.160454
2013-03-25,33.770428,38.184196,7.506,61.529171,256.019989,87.458992
2013-03-26,34.013317,38.278641,7.572,61.463398,260.309998,87.873604
2013-03-27,33.82156,37.593979,7.632,61.471638,265.299988,88.429192
2013-03-28,34.096424,37.349995,7.578,61.512737,266.48999,87.98967
2013-04-01,33.936611,37.641186,8.786,62.005928,261.609985,87.740921
2013-04-02,34.313755,37.995327,8.868,62.490955,263.320007,89.291588
2013-04-03,33.82156,37.100468,8.22,62.474525,259.029999,88.196983
2013-04-04,33.82156,37.607296,8.402,62.63892,259.079987,88.196983
2013-04-05,33.578651,37.939899,8.274,62.795109,255.479996,87.732613
2013-04-08,33.431625,38.470459,8.366,63.534924,258.950012,88.760887
2013-04-09,33.64896,38.549652,8.1,64.217232,261.140015,87.724358
2013-04-10,33.923836,39.001038,8.372,63.600685,264.769989,87.691154
2013-04-11,34.038887,39.048557,8.718,63.945934,269.850006,87.906761
2013-04-12,33.923836,38.810978,8.75,64.578903,272.869995,88.006271
2013-04-15,32.99057,37.955734,8.66,64.504936,267.720001,86.414146
2013-04-16,33.406052,38.3992,9.118,64.677567,272.339996,87.52533
2013-04-17,32.773224,37.052959,9.09,64.537834,267.399994,86.878525
2013-04-18,32.523926,36.934174,9.394,63.428078,259.420013,85.916618
2013-04-19,33.182335,37.401402,9.566,64.356964,260.320007,86.613167
2013-04-22,33.367702,37.496426,10.038,64.093925,263.549988,87.201935
2013-04-23,33.578651,38.14579,10.202,65.014572,268.899994,88.935028
2013-04-24,33.974964,38.581322,10.086,64.143227,268.779999,89.415962
2013-04-25,34.090034,38.803066,10.4,64.652901,274.700012,90.493965
2013-04-26,34.684513,38.708035,10.24,64.973488,254.809998,90.610046
2013-04-29,34.908237,38.739708,10.988,64.43914,249.740005,90.079353
2013-04-30,35.068054,38.810978,10.798,63.888412,253.809998,89.913521
2013-05-01,35.029697,38.019085,10.656,64.167892,248.229996,89.739365
2013-05-02,35.349316,38.074512,10.822,64.496719,252.550003,90.129097
2013-05-03,35.617783,37.67065,10.91,65.146126,258.049988,91.00808
2013-05-06,35.668922,38.153702,11.9,64.800865,255.720001,90.460777
2013-05-07,36.435989,38.913929,11.102,64.800865,257.730011,90.974915
2013-05-08,36.474358,39.404903,11.158,64.709908,258.679993,90.892014
2013-05-09,36.129166,38.834743,13.88,64.833946,260.160004,90.502251
2013-05-10,36.57024,38.771381,15.352,65.239159,263.630005,91.207108
2013-05-13,36.205875,39.333633,17.559999,64.916634,264.51001,91.223709
2013-05-14,36.474358,39.777103,16.648001,65.148216,268.329987,92.368027
2013-05-15,36.685299,40.458134,16.968,66.041298,266.559998,93.814919
2013-05-16,36.525494,40.363098,18.450001,64.916634,264.119995,92.725586
2013-05-17,36.928211,41.416332,18.299999,64.395653,269.899994,94.006195
2013-05-20,37.465153,41.408409,17.988001,64.006981,267.630005,93.149673
2013-05-21,37.183903,41.986504,17.518,63.998695,268.859985,94.363754
2013-05-22,36.919537,42.469547,17.448,63.700996,262.959991,94.280579
2013-05-23,36.274776,42.247818,18.546,63.122128,261.799988,94.122604
2013-05-24,35.688026,42.49332,19.416,63.932552,261.73999,95.120453
2013-05-28,36.042656,43.237694,22.066,63.940815,267.290009,95.486305
2013-05-29,35.688026,43.293118,20.926001,63.03944,265.529999,93.923019
2013-05-30,36.171612,44.045429,20.99,62.543243,266.829987,93.033272
2013-05-31,35.372093,43.22979,19.552,61.889965,269.200012,91.162277
2013-06-03,35.913708,43.150593,18.518,62.592888,266.880005,92.201714
2013-06-04,35.958832,42.794228,18.968,62.799606,265.700012,92.018799
2013-06-05,35.339851,41.994419,19.073999,62.229004,267.170013,90.779785
2013-06-06,35.333408,42.366608,19.469999,62.543243,267.829987,92.376343
2013-06-07,35.443016,42.976376,20.408001,63.122128,276.869995,91.952255
2013-06-10,35.178658,43.04763,20.01,62.642506,281.070007,91.727737
2013-06-11,34.766018,42.358685,18.893999,62.229004,274.779999,91.486588
2013-06-12,34.7789,42.113201,19.546,61.889965,271.670013,90.971039
2013-06-13,35.152874,42.897182,19.636,62.022266,275.790009,92.201714
2013-06-14,34.372692,42.073616,20.059999,61.914764,273.98999,92.301498
2013-06-17,34.68219,42.643772,20.440001,61.980919,278.059998,92.883583
2013-06-18,35.159317,42.849659,20.677999,62.625973,281.76001,93.20787
2013-06-19,34.359798,42.4062,20.936001,61.575691,278.160004,91.62796
2013-06-20,33.147636,41.558868,20.129999,60.393131,273.440002,89.440987
2013-06-21,33.128296,41.147083,19.91,60.790104,273.359985,90.347374
2013-06-24,32.676956,40.323509,20.298,61.360714,270.609985,91.170601
2013-06-25,33.553837,41.242111,20.48,61.501278,272.089996,91.677856
2013-06-26,33.644108,41.574699,21.143999,62.030544,277.570007,92.451195
2013-06-27,33.644108,42.089455,21.85,62.237278,277.549988,92.708961
2013-06-28,33.463566,41.804363,21.472,61.600521,277.690002,91.943939
2013-07-01,34.011635,41.566788,23.436001,61.683201,282.100006,91.827522
2013-07-02,33.902027,42.117184,23.563999,61.782436,283.730011,92.176773
2013-07-03,33.657005,42.093258,23.048,61.823807,284.029999,92.226669
2013-07-05,34.579029,43.066414,24.018,62.195934,285.880005,92.933495
2013-07-08,34.611259,43.632755,24.322001,63.436352,290.589996,93.648598
2013-07-09,34.869183,43.784325,24.690001,63.700996,291.529999,94.255638
2013-07-10,34.856281,43.736465,24.454,63.486,292.329987,94.505112
2013-07-11,35.494591,43.983749,25.122,64.197174,299.660004,96.36776
2013-07-12,35.378532,43.848125,25.98,64.197174,307.549988,96.841736
2013-07-15,35.630013,43.784325,25.452,63.700996,306.570007,96.36776
2013-07-16,35.533279,43.880039,21.809999,63.982178,306.869995,96.899948
2013-07-17,35.881466,44.08744,24.049999,63.841587,308.690002,97.623405
2013-07-18,36.371487,44.96489,23.806,63.957348,304.109985,97.340652
2013-07-19,36.345688,44.797367,23.936001,64.569328,305.230011,98.180511
2013-07-22,36.442402,45.116436,24.486,64.395653,303.480011,98.163887
2013-07-23,36.390823,45.204178,24.548,64.958,301.059998,99.037018
2013-07-24,36.300556,45.172279,24.34,64.693344,298.940002,98.039162
2013-07-25,36.571369,45.068588,24.813999,64.511444,303.399994,97.664948
2013-07-26,36.519783,44.709614,25.878,64.503159,312.01001,96.933243
2013-07-29,36.171612,44.422455,26.924,64.494896,306.100006,97.407181
2013-07-30,36.268326,44.135307,26.348,64.412186,302.410004,97.232567
2013-07-31,36.590717,44.454372,26.856001,64.453552,301.220001,97.640022
2013-08-01,36.945324,45.100491,27.110001,64.685089,305.570007,98.40506
2013-08-02,37.377335,45.060596,27.6,65.12339,304.209991,99.261536
2013-08-05,35.700924,44.749508,28.936001,65.139915,300.98999,99.843613
2013-08-06,35.494591,44.262932,28.43,64.395653,300.75,99.369614
2013-08-07,34.965889,44.11137,26.846001,64.370689,296.910004,99.494675
2013-08-08,35.172215,43.736465,30.695999,64.270851,295.73999,97.86895
2013-08-09,35.623558,43.489182,30.6,63.979649,297.26001,96.401634
2013-08-12,35.520393,43.146187,29.476,64.129417,296.690002,96.484993
2013-08-13,35.849216,43.305717,29.086,63.946384,293.970001,96.41832
2013-08-14,35.971729,43.194046,27.872,63.563679,291.339996,94.859253
2013-08-15,35.784744,42.508053,27.934,61.908016,286.470001,93.200188
2013-08-16,35.688026,42.508053,28.4,61.658421,284.820007,93.291924
2013-08-19,35.3592,41.343445,28.98,61.217472,285.570007,93.441963
2013-08-20,35.617104,41.574764,29.916,60.926285,287.089996,94.075584
2013-08-21,34.80378,41.18391,29.572001,61.192493,284.570007,93.341934
2013-08-22,35.200687,41.646561,31.42,61.117638,289.730011,93.575356
2013-08-23,35.421909,41.734295,32.368,61.100994,290.01001,94.267357
2013-08-26,35.285267,41.319504,32.844002,60.759853,286.209991,93.266869
2013-08-27,34.530499,40.362301,33.402,60.618431,280.929993,93.100166
2013-08-28,34.53701,40.346355,33.290001,60.219078,281.579987,92.091354
2013-08-29,34.654125,40.442078,33.212002,60.260677,283.980011,92.866722
2013-08-30,34.107574,40.306465,33.799999,60.718292,280.980011,93.266869
2013-09-03,34.933903,40.785069,33.787998,60.468693,288.799988,93.358589
2013-09-04,35.35033,41.375366,34.124001,60.660049,293.640015,92.958427
2013-09-05,36.066063,41.56678,33.986,60.460377,294.100006,95.559601
2013-09-06,35.994488,41.925743,33.394001,60.39381,295.859985,95.334488
2013-09-09,36.131126,42.165051,32.139999,61.159237,299.709991,96.168198
2013-09-10,36.196194,42.811153,33.273998,61.533623,300.359985,97.810593
2013-09-11,36.105099,42.484112,32.703999,61.608509,299.640015,99.419647
2013-09-12,36.144135,41.67049,32.986,61.492012,298.859985,98.535896
2013-09-13,36.365356,41.949669,33.108002,61.866436,297.920013,97.568802
2013-09-16,36.449951,42.388393,33.316002,62.215851,296.059998,97.835617
2013-09-17,36.014008,42.348507,33.245998,62.523682,304.170013,98.302498
2013-09-18,36.98349,42.603764,33.243999,63.580296,312.029999,98.911095
2013-09-19,36.515011,42.077305,35.584,63.405582,312.059998,99.37796
2013-09-20,35.877365,42.117184,36.678001,63.089428,316.339996,98.327507
2013-09-23,35.968464,41.048298,36.222,63.580296,311.48999,98.019012
2013-09-24,35.818806,40.138962,36.466,63.022892,314.130005,96.993561
2013-09-25,35.753742,41.23975,37.048,62.1077,312.649994,96.218224
2013-09-26,35.76675,41.391296,37.728001,62.082722,318.119995,97.043579
2013-09-27,35.649639,41.67049,38.18,61.866436,316.01001,96.476669
2013-09-30,35.304783,41.231766,38.674,61.533623,312.640015,96.018143
2013-10-01,35.565048,41.447144,38.599998,61.225777,320.950012,95.876389
2013-10-02,35.5065,41.856953,36.189999,61.333923,320.51001,95.726334
2013-10-03,35.389378,41.736423,34.661999,60.868042,314.76001,95.392868
2013-10-04,35.630116,42.322994,36.195999,60.568523,319.040009,95.409531
2013-10-07,35.233219,41.648018,36.613998,59.794781,310.029999,94.550789
2013-10-08,34.80378,40.876617,34.945999,60.651718,303.230011,93.550331
2013-10-09,34.972946,40.780186,33.756001,60.734921,298.230011,95.534569
2013-10-10,35.493481,42.202473,34.585999,62.224178,305.170013,96.459991
2013-10-11,36.014008,42.194427,35.740002,62.249123,310.890015,96.626747
2013-10-14,36.17667,42.355148,35.944,62.132664,310.700012,96.926865
2013-10-15,35.59108,42.033737,36.787998,61.874725,306.399994,96.176514
2013-10-16,35.688671,43.39172,36.712002,62.898071,310.48999,97.843964
2013-10-17,35.890385,43.560474,36.560001,63.04784,310.769989,98.594292
2013-10-18,35.922905,43.63279,36.68,62.989594,328.929993,98.077377
2013-10-21,36.170162,43.608688,34.52,62.523682,326.440002,97.860626
2013-10-22,36.449951,43.086376,34.307999,63.497112,332.540009,98.219101
2013-10-23,36.161083,42.387295,32.900002,63.147667,326.76001,97.6772
2013-10-24,36.351467,42.17033,34.630001,63.580296,332.209991,96.91021
2013-10-25,36.305511,42.403362,33.931999,63.297417,363.390015,97.076942
2013-10-28,36.272697,42.331043,32.571999,64.179337,358.160004,97.835617
2013-10-29,36.37117,42.371235,32.894001,64.11277,362.700012,99.002815
2013-10-30,36.101986,42.266754,31.844,63.98798,361.079987,98.177429
2013-10-31,36.134815,41.414997,31.988001,63.854866,364.029999,98.377502
2013-11-01,36.246418,42.194427,32.433998,64.121086,359,99.728134
2013-11-04,37.099903,41.816765,35.040001,64.337425,358.73999,100.328407
2013-11-05,36.843853,41.74445,35.362,64.412285,358.890015,100.153328
2013-11-06,36.811035,41.864979,30.232,65.027946,356.179993,103.438118
2013-11-07,36.285824,41.503391,27.954,64.487175,343.559998,102.362633
2013-11-08,36.725685,43.359592,27.59,64.861557,350.309998,102.362633
2013-11-11,36.765083,43.472084,28.940001,65.735161,354.380005,102.562714
2013-11-12,36.489334,43.36763,27.559999,65.485573,349.529999,102.087532
2013-11-13,36.259556,43.504227,27.74,65.643608,356.220001,102.948402
2013-11-14,36.246418,43.713142,27.52,65.793381,367.399994,103.424835
2013-11-15,36.502468,44.090828,27.09,65.909851,369.170013,103.884537
2013-11-18,36.824162,44.789909,24.316,65.909851,366.179993,103.065445
2013-11-19,36.765083,45.119362,25.218,65.934822,364.940002,103.332878
2013-11-20,36.784775,45.079182,24.222,65.643608,362.570007,102.605743
2013-11-21,36.981731,45.979172,24.42,65.610359,368.920013,103.550224
2013-11-22,36.784775,46.172016,24.275999,66.400726,372.309998,104.653511
2013-11-25,36.666595,46.324699,24.167999,66.91655,376.640015,104.620071
2013-11-26,36.692852,45.938984,24.1,67.124557,381.369995,104.62841
2013-11-27,36.758507,46.188087,25.388,67.332573,386.709991,104.79557
2013-11-29,36.830727,45.979172,25.455999,67.399132,393.619995,104.837387
2013-12-02,36.469643,45.786312,24.834,67.482315,392.299988,103.383064
2013-12-03,36.167652,45.689888,28.940001,67.565506,384.660004,103.491684
2013-12-04,35.69495,45.955048,27.790001,67.130379,385.959991,102.781242
2013-12-05,35.373264,44.854191,28.096001,66.477654,384.48999,101.09288
2013-12-06,35.603035,45.047043,27.472,66.896065,386.950012,102.020638
2013-12-09,35.66869,45.408638,28.32,66.904411,384.890015,101.686325
2013-12-10,35.458599,45.561314,28.438,66.176376,387.779999,100.332306
2013-12-11,35.077827,45.055077,27.93,66.184753,382.190002,99.10363
2013-12-12,34.861168,45.24794,29.493999,65.691048,381.25,98.811096
2013-12-13,34.834908,45.135437,29.530001,65.339569,384.23999,98.551994
2013-12-16,35.071255,45.336308,29.587999,65.055038,388.970001,98.627197
2013-12-17,34.802078,44.773842,30.492001,64.644989,387.649994,98.251099
2013-12-18,35.465172,45.995239,29.596001,65.222412,395.959991,99.045135
2013-12-19,35.176296,45.987194,28.143999,64.636612,395.190002,98.618843
2013-12-20,35.143467,46.364868,28.648001,64.795631,402.200012,99.070206
2013-12-23,35.557076,46.79879,28.709999,65.163826,402.920013,99.203941
2013-12-24,35.806561,46.80682,30.282,65.280991,399.200012,99.203941
2013-12-26,35.839386,46.766644,31.1,65.598953,404.390015,99.153778
2013-12-27,35.950993,46.718433,30.224001,65.665924,398.079987,99.070206
2013-12-30,35.944427,46.565758,30.488001,65.79982,393.369995,99.27079
2013-12-31,36.193913,46.991631,30.086,65.850006,398.790009,99.479736
2014-01-02,35.826263,47.080605,30.02,66.034119,397.970001,98.468399
2014-01-03,35.511131,47.444572,29.912001,65.816544,396.440002,98.033791
2014-01-06,35.688381,47.719551,29.4,65.448326,393.630005,97.289902
2014-01-07,36.476208,47.169575,29.872,65.649178,398.029999,96.838531
2014-01-08,36.495899,47.614422,30.256001,65.130363,401.920013,95.325706
2014-01-09,36.331779,47.525444,29.506001,65.347931,401.01001,99.053467
2014-01-10,36.738804,47.307072,29.143999,65.306084,397.660004,98.501823
2014-01-13,36.279259,46.668114,27.868,64.845825,390.980011,95.927505
2014-01-14,36.502468,46.700466,32.254002,65.239136,397.540009,97.14782
2014-01-15,36.699429,48.115883,32.826,64.988091,395.869995,97.156166
2014-01-16,36.377728,47.711468,34.194,64.234932,395.799988,96.587776
2014-01-17,36.535297,46.999729,34.001999,63.757957,399.609985,97.197952
2014-01-21,36.587822,47.048252,35.335999,63.465054,407.049988,96.061226
2014-01-22,36.600941,46.579144,35.712002,63.055008,404.540009,95.074959
2014-01-23,36.042912,45.673283,36.299999,62.728672,399.869995,94.28093
2014-01-24,34.926815,44.557129,34.919998,62.276756,387.600006,93.72094
2014-01-27,34.539478,44.557129,33.924,62.050804,386.279999,94.514954
2014-01-28,34.683922,45.082848,35.675999,62.485943,394.429993,95.601524
2014-01-29,33.968307,44.913006,35.046001,62.008968,384.200012,93.80452
2014-01-30,34.316261,45.293144,36.568001,62.552925,403.01001,94.222435
2014-01-31,33.804176,44.775505,36.282001,62.494354,358.690002,93.91317
2014-02-03,33.219872,43.926262,35.422001,60.80394,346.149994,92.091049
2014-02-04,33.672871,44.443905,35.745998,60.862507,347.950012,92.684502
2014-02-05,33.56126,44.654194,34.883999,60.979668,346.450012,92.366905
2014-02-06,33.850124,45.681374,35.675999,60.937836,354.589996,95.501221
2014-02-07,33.981438,45.794609,37.306,61.716087,361.079987,95.317337
2014-02-10,33.731968,45.891666,39.312,61.724461,360.869995,95.158539
2014-02-11,34.401611,46.449738,39.324001,62.594753,361.790009,96.111374
2014-02-12,34.72987,46.522526,39.063999,62.728672,349.25,96.220345
2014-02-13,34.979347,46.93502,39.925999,63.063385,357.200012,97.058403
2014-02-14,35.090954,47.032078,39.646,63.423222,357.350006,97.301468
2014-02-18,35.832821,47.307072,40.740002,63.038265,353.649994,96.681267
2014-02-19,35.734344,46.312241,38.728001,62.636597,347.380005,96.304146
2014-02-20,35.66869,46.571049,41.993999,61.523613,349.799988,96.429848
2014-02-21,35.66869,46.595314,41.919998,61.188889,346.76001,94.862617
2014-02-24,34.821781,46.93502,43.529999,61.381355,351.779999,95.491173
2014-02-25,34.395042,46.126213,49.599998,61.381355,358.320007,96.765091
2014-02-26,34.329391,45.899746,50.599998,62.57803,359.799988,97.117081
2014-02-27,34.972778,45.851223,50.507999,62.393898,360.130005,97.402
2014-02-28,34.65765,45.95636,48.962002,62.511066,362.100006,97.888115
2014-03-03,34.296562,45.46299,50.112,62.025723,359.779999,97.008133
2014-03-04,34.690479,46.312241,50.967999,62.870918,363.899994,97.76239
2014-03-05,34.355648,47.040173,50.532001,62.594753,372.369995,97.611542
2014-03-06,34.565746,47.638687,50.588001,62.66169,372.160004,94.921303
2014-03-07,34.303131,48.043087,49.242001,62.813297,372.059998,95.122444
2014-03-10,33.882965,47.881317,47.768002,62.686962,370.529999,96.035934
2014-03-11,33.784481,47.064434,46.882,63.099655,368.820007,96.136528
2014-03-12,33.58382,46.84605,48.298,63.613441,370.640015,96.555534
2014-03-13,33.343029,46.441639,47.557999,63.108105,371.51001,95.885101
2014-03-14,33.363098,45.940189,46.194,62.560638,373.73999,95.080551
2014-03-17,33.403225,46.571049,46.796001,62.897556,375.040009,95.088913
2014-03-18,33.329647,46.959278,48.007999,62.973335,378.769989,95.415741
2014-03-19,32.928333,47.153397,47.167999,62.644848,373.230011,94.577682
2014-03-20,33.048729,48.617332,46.981998,63.487087,368.970001,94.837494
2014-03-21,33.336338,48.665871,45.778,64.093483,360.619995,95.39901
2014-03-24,33.637329,49.393787,44.034,64.649353,351.850006,95.013512
2014-03-25,33.931629,49.280567,44.088001,64.742012,354.709991,95.482819
2014-03-26,33.784481,48.447495,42.591999,64.20298,343.410004,94.27597
2014-03-27,33.938316,48.463654,41.464001,64.127159,338.470001,93.890457
2014-03-28,34.025272,48.560734,42.473999,64.017677,338.290009,93.580353
2014-03-31,33.998524,49.102615,41.689999,64.371437,336.369995,93.597122
2014-04-01,34.279442,49.070267,43.394001,64.657784,342.98999,93.747993
2014-04-02,34.179111,49.224903,46.057999,65.003098,341.959991,93.48819
2014-04-03,34.132282,49.371418,45.080002,65.238907,333.619995,93.613899
2014-04-04,33.991821,48.679596,42.445999,65.112572,323,92.733894
2014-04-07,33.650707,48.020325,41.504002,65.112572,317.76001,92.851234
2014-04-08,34.052021,47.898239,43.091999,65.845314,327.070007,94.418472
2014-04-09,34.67408,48.240089,43.386002,65.668457,331.809998,94.745308
2014-04-10,34.480103,46.718079,40.838001,64.758835,317.109985,93.932365
2014-04-11,34.546989,45.008888,40.756001,64.430382,311.730011,93.932365
2014-04-14,34.787777,44.732155,39.618,65.171539,315.910004,94.334633
2014-04-15,34.774395,44.601933,38.782001,64.750404,316.079987,93.915596
2014-04-16,34.754333,44.97633,39.821999,65.036781,323.679993,95.114059
2014-04-17,34.888107,44.943783,39.624001,65.407372,324.910004,95.122444
2014-04-21,34.841286,44.789116,40.875999,65.356819,330.869995,95.625275
2014-04-22,34.67408,45.423981,43.728001,65.323128,329.320007,95.172722
2014-04-23,34.346333,45.619316,41.598,65.727417,324.579987,96.20356
2014-04-24,34.560371,45.733261,41.571999,65.954811,337.149994,96.404709
2014-04-25,34.011887,45.33445,39.970001,66.215912,303.829987,96.387962
2014-04-28,33.924938,45.163532,39.702,67.176018,296.579987,96.874046
2014-04-29,34.453346,45.660007,41.383999,67.100243,300.380005,96.714806
2014-04-30,34.32626,45.56234,41.577999,67.133934,304.130005,96.949455
2014-05-01,34.292809,45.350723,41.546001,67.125511,307.890015,96.848885
2014-05-02,34.15905,45.236774,42.181999,66.637024,308.01001,96.505295
2014-05-05,34.011887,44.129883,43.321999,66.215912,310.049988,95.952148
2014-05-06,34.279442,43.413631,41.456001,65.702156,297.380005,94.560928
2014-05-07,33.985138,43.991505,40.27,66.066536,292.709991,93.848541
2014-05-08,33.637329,44.243813,35.717999,66.685158,288.320007,96.15329
2014-05-09,33.664093,43.958958,36.452,67.117348,292.23999,96.706406
2014-05-12,34.319576,44.479851,36.933998,67.075012,302.859985,97.645081
2014-05-13,34.359703,44.455433,38.032001,67.066498,304.640015,97.460693
2014-05-14,34.526924,44.243813,38.124001,66.727531,297.619995,96.783958
2014-05-15,35.035255,43.551994,37.717999,65.10894,295.190002,96.128258
2014-05-16,35.59042,43.389217,38.312,65.261467,297.700012,97.187485
2014-05-19,35.603806,43.812458,39.217999,64.922493,296.76001,97.826363
2014-05-20,35.26268,43.722923,39.060001,64.142853,301.190002,96.783958
2014-05-21,35.208656,44.048481,39.889999,64.117416,305.01001,96.271172
2014-05-22,35.093861,44.398449,40.976002,63.888607,304.910004,96.447701
2014-05-23,35.053345,44.382179,41.459999,64.075058,312.23999,96.624252
2014-05-27,35.242416,44.878666,42.312,64.058105,310.820007,95.72477
2014-05-28,35.53278,45.13097,42.048,64.007286,310.160004,96.035789
2014-05-29,35.458504,45.350723,42.048,64.388596,313.779999,95.951744
2014-05-30,35.600315,45.228645,41.554001,65.058075,312.549988,97.53215
2014-06-02,35.559792,45.049591,40.939999,65.049599,308.839996,97.246307
2014-06-03,35.343704,45.253056,40.987999,65.007233,307.190002,97.103409
2014-06-04,35.255932,45.318172,40.798,65.363167,306.779999,97.775932
2014-06-05,35.303185,46.091377,41.380001,65.524178,323.570007,98.986465
2014-06-06,35.424751,46.368118,41.633999,65.430946,329.670013,99.389977
2014-06-09,35.613819,46.734356,41.062,65.261467,327.5,99.011688
2014-06-10,35.431499,47.125034,40.459999,64.930962,332.410004,98.440048
2014-06-11,35.134369,46.612282,40.894001,64.541138,335.200012,97.717079
2014-06-12,35.255932,46.425083,40.703999,64.176765,325.910004,97.044556
2014-06-13,35.282928,46.425083,41.284,63.795399,326.269989,96.926872
2014-06-16,35.120865,46.286709,44.922001,63.846237,327.619995,97.036171
2014-06-17,35.11412,46.734356,46.334,63.549625,325.619995,97.052971
2014-06-18,35.208656,47.027367,45.424,64.151321,334.380005,97.74234
2014-06-19,35.154633,46.636692,45.557999,64.295395,327,97.733894
2014-06-20,34.972313,46.840172,45.917999,64.134377,324.200012,96.977333
2014-06-23,34.877769,47.361076,47.444,64.227592,327.23999,96.859596
2014-06-24,34.661678,46.734356,46.5,64.380119,324.160004,97.775932
2014-06-25,34.594154,46.823887,47.377998,64.083519,327.440002,97.74234
2014-06-26,34.344315,46.709942,47.119999,63.481853,325.690002,97.212723
2014-06-27,34.405079,46.823887,47.812,63.846237,324.570007,97.086609
2014-06-30,34.303783,46.897141,48.012001,63.617432,324.779999,96.809189
2014-07-01,34.600906,47.183994,47.944,63.795399,332.390015,97.044556
2014-07-02,34.931793,46.692245,45.886002,64.083519,332.850006,97.305176
2014-07-03,35.161381,46.757805,45.849998,64.19371,337.48999,97.80954
2014-07-07,34.945301,46.446362,44.532001,64.464874,333.549988,97.78437
2014-07-08,34.418583,45.700539,43.813999,64.956383,323.809998,98.742668
2014-07-09,34.594154,45.913635,44.612,65.430946,329.970001,99.429886
2014-07-10,34.168739,45.536613,43.891998,65.303833,327.920013,99.564796
2014-07-11,34.168739,45.733326,43.625999,65.100456,346.200012,99.505753
2014-07-14,34.492863,46.13493,45.34,64.871643,355.320007,98.957687
2014-07-15,34.675182,47.757717,43.916,65.117401,354.440002,99.345573
2014-07-16,34.965549,48.118343,43.431999,65.134361,355.899994,99.370872
2014-07-17,34.459103,47.42168,43.080002,64.922493,352.450012,98.477074
2014-07-18,34.51313,47.72493,44.004002,65.329277,358.660004,99.278114
2014-07-21,34.506367,47.733139,44.108002,65.058075,359.76001,98.687881
2014-07-22,34.850754,48.085552,43.916,64.947929,360.839996,99.117912
2014-07-23,34.985806,48.356018,44.498001,65.244507,358.140015,99.151627
2014-07-24,35.546276,48.495346,44.708,64.702164,358.609985,99.615379
2014-07-25,35.667824,48.364208,44.714001,64.380119,324.01001,99.117912
2014-07-28,36.235069,48.511745,44.964001,64.159798,320.410004,98.755333
2014-07-29,36.390377,48.060966,45.001999,63.930981,320,100.256226
2014-07-30,36.626728,48.282253,45.784,63.371674,322.51001,99.649117
2014-07-31,36.052734,47.265957,44.66,62.354755,312.98999,99.109474
2014-08-01,35.708355,46.290646,46.653999,62.320854,307.059998,99.396172
2014-08-04,36.262077,46.429981,47.703999,62.320854,313.649994,99.623817
2014-08-05,35.99197,45.946415,47.698002,62.151348,312.320007,99.539528
2014-08-06,35.883915,46.085739,49.785999,63.294422,313.890015,100.838028
2014-08-07,35.654343,45.823483,50.478001,63.081154,311.450012,99.328697
2014-08-08,35.782635,46.175903,49.625999,63.695313,316.799988,100.475471
2014-08-11,35.47876,46.1595,51.863998,63.430916,318.329987,100.49231
2014-08-12,35.796139,46.184097,51.992001,63.311478,319.320007,100.348976
2014-08-13,35.944706,46.487354,52.062,63.149403,326.279999,100.036987
2014-08-14,36.660492,46.700443,52.276001,63.456486,333.209991,100.559776
2014-08-15,36.343105,46.511932,52.402,63.038506,333.630005,99.977959
2014-08-18,36.424137,46.905338,51.987999,63.541798,334.529999,100.728416
2014-08-19,36.370125,47.175812,51.352001,63.874474,335.130005,101.698097
2014-08-20,36.329227,47.241371,51.141998,63.942734,335.779999,101.951073
2014-08-21,36.240612,47.946228,50.868,64.446014,332.910004,102.549713
2014-08-22,36.336044,47.938034,51.355999,64.599556,331.589996,102.271477
2014-08-25,36.765446,48.634678,52.509998,64.56543,334.019989,102.355774
2014-08-26,36.520081,48.962513,52.348,64.420403,341.829987,102.102814
2014-08-27,36.649582,48.839596,52.650002,64.701897,343.179993,102.229294
2014-08-28,36.738174,48.487148,52.771999,64.744545,340.019989,102.001648
2014-08-29,36.84724,48.724834,53.939999,64.403351,339.040009,102.094383
2014-09-02,36.349678,48.905159,56.824001,64.616615,342.380005,102.499153
2014-09-03,36.860878,48.929733,56.237999,64.838371,339,102.322052
2014-09-04,36.75182,48.937931,57.208,65.307556,345.950012,105.526215
2014-09-05,36.81316,49.101856,55.478001,66.117928,346.380005,107.094559
2014-09-08,36.233803,49.085468,56.422001,65.281952,342.339996,106.748848
2014-09-09,36.226982,48.405201,55.695999,65.46109,329.75,106.33567
2014-09-10,36.499626,48.536331,56.220001,65.2649,331.329987,106.386284
2014-09-11,36.179279,48.978909,56.062,64.915154,330.519989,106.192329
2014-09-12,36.376942,49.200207,55.84,64.633675,331.190002,105.711716
2014-09-15,36.356487,49.126431,50.771999,64.66777,323.890015,105.998398
2014-09-16,36.547337,49.167416,52.147999,65.102837,327.76001,106.60553
2014-09-17,36.52689,49.429688,52.276001,65.034576,324,106.251358
2014-09-18,36.90176,50.257488,52.764,65.017509,325,106.647659
2014-09-19,36.772266,50.085354,51.863998,65.546394,331.320007,106.664543
2014-09-22,36.581417,49.921436,50.006001,65.094299,324.5,106.099586
2014-09-23,36.336044,49.946026,50.082001,64.488647,323.630005,105.82975
2014-09-24,36.336044,50.511555,50.428001,65.751137,328.209991,107.608902
2014-09-25,35.947533,49.298553,49.389999,64.932205,321.929993,105.956253
2014-09-26,36.172455,49.634583,49.32,65.247856,323.209991,105.855064
2014-09-29,35.14323,49.446087,49.051998,64.898094,321.820007,105.66954
2014-09-30,34.679756,49.372311,48.535999,65.230774,322.440002,105.66954
2014-10-01,34.19582,48.98711,48.048,64.932205,317.459991,105.197365
2014-10-02,33.929996,48.549797,50.284,65.026062,318.410004,106.065849
2014-10-03,34.359402,49.754467,51.042,65.955841,322.73999,107.162025
2014-10-06,34.611591,49.655445,52.124001,65.981461,322.200012,106.419983
2014-10-07,34.386665,48.904606,51.914001,65.938789,316.980011,105.627403
2014-10-08,35.054634,49.836979,51.855999,66.740623,322.700012,108.544853
2014-10-09,34.223083,48.747822,51.402,66.416496,315.369995,108.27504
2014-10-10,33.916367,48.285763,47.382,66.783279,311.390015,108.68821
2014-10-13,34.379852,47.988712,44.917999,66.160576,306.450012,107.060829
2014-10-14,34.311695,47.848446,45.411999,66.518852,308.309998,106.453735
2014-10-15,33.834576,45.818661,45.939999,64.147446,305.970001,104.809494
2014-10-16,33.780045,45.447369,45.27,62.970257,302.859985,103.671181
2014-10-17,34.20945,46.37149,45.495998,63.209114,303.640015,105.10463
2014-10-20,34.093586,46.726295,46.094002,64.096252,306.209991,108.283455
2014-10-21,34.379852,47.798946,47.068001,64.846924,315.329987,109.851799
2014-10-22,34.283474,47.402889,46.220001,64.855461,312.970001,110.071045
2014-10-23,34.730942,47.906208,47.057999,65.043106,313.179993,110.113197
2014-10-24,34.875515,48.467285,47.048,65.154015,287.059998,109.98671
2014-10-27,34.60014,48.384773,44.334,65.333145,289.970001,110.391457
2014-10-28,34.909939,49.201637,48.554001,65.128426,295.589996,110.509491
2014-10-29,34.896172,48.921101,47.619999,65.162544,294.119995,111.243073
2014-10-30,34.730942,49.003613,47.731998,65.213722,299.070007,112.145294
2014-10-31,35.123352,49.902977,48.34,65.060188,305.459991,112.457306
2014-11-03,34.489994,50.233028,48.518002,65.06871,305.720001,113.216164
2014-11-04,34.531303,49.713203,47.785999,65.904678,302.809998,115.138687
2014-11-05,34.765369,50.455814,46.194,66.280006,296.519989,115.096497
2014-11-06,34.668987,50.521824,48.243999,66.373825,296.640015,115.593994
2014-11-07,34.483112,50.719852,48.040001,67.192726,299.859985,116.116806
2014-11-10,34.675877,51.099407,48.386002,67.764275,305.109985,116.099907
2014-11-11,34.81356,50.637341,50.216,67.397461,312.01001,115.56028
2014-11-12,34.572609,49.968998,49.82,67.55954,311.51001,115.733574
2014-11-13,34.524422,49.696705,50.34,70.749847,316.480011,117.263702
2014-11-14,34.607037,49.737968,51.736,70.766907,327.820007,117.06929
2014-11-17,34.455578,49.820477,50.796001,71.287239,323.049988,117.060799
2014-11-18,34.379856,49.944241,51.540001,71.474922,324.929993,117.686409
2014-11-19,34.242168,50.001999,49.548,72.498543,326.540009,118.362747
2014-11-20,33.822235,49.605942,49.742001,72.148811,330.540009,117.720238
2014-11-21,34.076946,49.878231,48.556,72.208519,332.630005,118.117554
2014-11-24,34.056293,50.299038,49.344002,72.848297,335.640015,118.185211
2014-11-25,34.366089,49.754467,49.618,72.464432,335.040009,117.398987
2014-11-26,34.476231,49.787468,49.688,72.490005,333.570007,118.142921
2014-11-28,34.249054,49.638954,48.903999,74.673752,338.640015,120.1465
2014-12-01,33.774036,49.506935,46.327999,73.547775,326,120.028152
2014-12-02,34.221519,50.398064,46.285999,73.701309,326.309998,120.941147
2014-12-03,34.193981,50.777618,45.860001,72.860687,316.5,120.628342
2014-12-04,33.994331,50.645588,45.655998,72.706291,316.929993,120.907333
2014-12-05,34.476231,51.734749,44.742001,72.15731,312.630005,121.101799
2014-12-08,34.297237,51.709984,42.872002,72.251648,306.640015,120.324036
2014-12-09,33.760273,51.528465,43.377998,71.676933,312.5,120.924225
2014-12-10,33.498676,50.068008,41.967999,71.179428,305.839996,118.565613
2014-12-11,33.237064,50.447548,41.776001,71.908516,307.359985,119.54628
2014-12-12,32.617493,49.539932,41.400002,71.89138,307.320007,116.562019
2014-12-15,31.984137,48.813835,40.807999,72.002876,306.070007,116.824127
2014-12-16,32.29393,48.211491,39.562,71.162254,295.059998,116.080162
2014-12-17,32.149357,49.317154,41.164001,72.251648,298.880005,117.787895
2014-12-18,32.410965,50.728107,43.652,73.718483,297.730011,119.673065
2014-12-19,32.727638,51.099407,43.858002,73.0494,299.899994,119.850616
2014-12-22,32.89286,51.107658,44.52,74.095901,306.540009,121.067963
2014-12-23,32.720757,51.553215,44.194,74.336082,306.290009,121.862602
2014-12-24,32.844669,51.553215,44.452,74.138779,303.029999,121.439903
2014-12-26,33.058071,51.610973,45.563999,74.550529,309.089996,121.262405
2014-12-29,33.023663,51.949268,45.141998,74.318916,312.040009,121.177849
2014-12-30,32.631252,52.106049,44.445999,74.447586,310.299988,121.304695
2014-12-31,32.514233,51.635719,44.481998,73.666992,310.350006,119.833679
2015-01-02,32.404076,51.893158,43.862,73.684166,308.519989,119.715332
2015-01-05,31.660578,50.282139,42.018002,73.469711,302.190002,118.354263
2015-01-06,31.199335,48.978371,42.256001,74.035835,295.290009,119.918266
2015-01-07,31.440285,49.053104,42.189999,76.000175,298.420013,122.00634
2015-01-08,31.543547,50.149269,42.124001,77.604263,300.459991,123.054619
2015-01-09,31.378323,49.277328,41.332001,76.643547,296.929993,121.16098
2015-01-12,31.405865,48.853813,40.442001,77.218262,291.410004,120.484642
2015-01-13,31.467825,48.862114,40.849998,76.609222,294.73999,119.275734
2015-01-14,31.144258,47.176361,38.537998,74.293198,293.269989,117.770943
2015-01-15,31.158033,45.664986,38.374001,74.95369,286.950012,117.770943
2015-01-16,31.144258,46.445583,38.613998,74.430435,290.73999,118.117554
2015-01-20,31.226881,46.26289,38.386002,74.361801,289.440002,117.830132
2015-01-21,31.502235,46.412365,39.313999,74.318916,297.25,117.627251
2015-01-22,32.245731,47.824093,40.324001,75.742844,310.320007,119.427917
2015-01-23,32.23885,47.068394,40.257999,75.922997,312.390015,120.087303
2015-01-26,32.569302,47.143135,41.310001,76.025909,309.660004,120.814354
2015-01-27,32.335236,46.669792,41.195999,75.082329,306.75,119.191231
2015-01-28,32.018559,45.465672,39.874001,74.473305,303.910004,118.033012
2015-01-29,32.13559,46.229671,41.040001,75.245331,311.779999,118.895325
2015-01-30,31.474703,45.158424,40.720001,72.894989,354.529999,120.881981
2015-02-02,31.729418,46.063591,42.188,73.521187,364.470001,123.42659
2015-02-03,32.252625,47.101612,43.672001,73.93293,363.549988,129.978363
2015-02-04,32.149357,46.819267,43.709999,74.327499,364.75,131.812851
2015-02-05,32.404076,47.143135,44.198002,74.867928,373.890015,130.214523
2015-02-06,32.410965,48.073208,43.472,74.910812,374.279999,129.873917
2015-02-09,31.922174,48.015091,43.495998,73.692734,370.559998,128.860794
2015-02-10,31.405865,48.546558,43.257999,74.876472,373,129.454636
2015-02-11,31.268179,48.471817,42.560001,74.061577,375.140015,129.100128
2015-02-12,31.763849,49.468327,40.576,73.675583,377.170013,129.362778
2015-02-13,31.756956,49.551365,40.754002,73.606949,381.829987,128.784897
2015-02-17,31.846453,49.908459,40.869999,73.735619,375.429993,129.161346
2015-02-18,32.128708,49.302242,40.891998,74.018692,373.369995,128.898773
2015-02-19,31.839571,49.185986,42.341999,71.642624,379,128.408478
2015-02-20,32.13559,49.659328,43.422001,72.311699,383.660004,129.170166
2015-02-23,30.758749,49.285625,41.467999,72.569023,380.140015,129.914352
2015-02-24,31.006582,50.506355,40.821999,72.543304,378.589996,129.756744
2015-02-25,30.8207,50.772076,40.751999,71.685493,385.369995,129.117599
2015-02-26,30.875778,51.137478,41.438,71.882805,384.799988,128.390945
2015-02-27,30.717447,50.888344,40.667999,71.994301,380.160004,128.662369
2015-03-02,30.889551,51.295254,39.466,72.020058,385.660004,129.520355
2015-03-03,30.848242,51.461334,39.911999,71.513947,384.609985,129.021301
2015-03-04,30.813036,51.594208,40.487999,70.836288,382.720001,128.846176
2015-03-05,30.693335,51.486248,40.125999,71.685493,387.829987,132.348175
2015-03-06,30.144108,50.564476,38.776001,70.844872,380.089996,130.921112
2015-03-09,30.242687,51.071045,38.175999,71.09362,378.559998,131.919159
2015-03-10,29.8202,49.792194,38.063999,70.398819,369.51001,129.712921
2015-03-11,29.608963,50.024712,38.748001,69.630821,366.369995,129.047546
2015-03-12,29.552628,50.963085,38.214001,70.674973,374.23999,130.833572
2015-03-13,29.256891,50.655823,37.736,70.674973,370.579987,130.693527
2015-03-16,29.397718,51.361694,39.139999,71.874458,373.350006,131.315109
2015-03-17,29.749788,51.162392,38.945999,71.296288,371.920013,131.350082
2015-03-18,30.341263,51.278652,40.141998,71.218628,375.140015,132.138107
2015-03-19,29.975109,50.821915,39.130001,70.347031,373.23999,132.470749
2015-03-20,30.672213,51.278652,39.616001,71.831306,378.48999,133.591385
2015-03-23,30.42576,50.772076,39.925999,71.891724,375.109985,133.889069
2015-03-24,30.291971,50.207397,40.344002,71.667351,374.089996,134.072937
2015-03-25,30.446882,49.501537,38.860001,70.174446,370.959991,132.278152
2015-03-26,30.369427,49.443417,38.082001,70.666336,367.350006,131.376404
2015-03-27,30.362383,49.45171,37,70.200348,370.559998,131.735352
2015-03-30,30.411667,50.622612,38.113998,71.218628,374.589996,133.398773
2015-03-31,29.989197,50.307056,37.754002,70.976997,372.100006,132.637115
2015-04-01,30.221558,50.114788,37.518002,69.648064,370.26001,131.533966
2015-04-02,30.383511,50.591267,38.200001,69.665321,372.25,132.750854
2015-04-06,30.644043,50.549484,40.619999,69.889687,377.040009,133.512573
2015-04-07,30.622921,50.867126,40.650002,69.46685,374.410004,132.882233
2015-04-08,30.820078,51.034321,41.534,69.924202,381.200012,133.074875
2015-04-09,31.362267,51.385426,42.018002,69.760231,383.540009,130.282028
2015-04-10,31.467876,51.577679,42.18,69.596291,382.649994,131.008652
2015-04-13,31.876282,51.886982,41.956001,69.285629,382.359985,130.465866
2015-04-14,32.136806,52.697857,41.492001,69.164825,385.109985,130.90361
2015-04-15,32.312847,53.675903,41.566002,68.811005,383.450012,130.509659
2015-04-16,31.988947,53.34153,41.34,68.379524,386.040009,128.793686
2015-04-17,31.587591,52.530659,41.358002,67.205933,375.559998,126.569916
2015-04-20,32.045277,52.86504,41.054001,67.43029,389.51001,128.093262
2015-04-21,32.108639,52.087608,41.882,67.335388,391.179993,128.995026
2015-04-22,32.115696,52.614254,43.888,67.680565,389.799988,128.679855
2015-04-23,32.467747,52.497215,43.720001,68.327782,389.98999,128.960022
2015-04-24,33.594387,52.330036,43.686001,68.897308,445.100006,129.677917
2015-04-27,34.840691,52.112694,46.310001,68.491707,438.559998,128.662369
2015-04-28,34.904076,52.463791,46.096001,68.258728,429.309998,128.355881
2015-04-29,35.326546,53.165974,46.490002,67.205933,429.369995,126.819626
2015-04-30,34.946316,52.881763,45.209999,67.352631,421.779999,125.581825
2015-05-01,34.664658,53.174339,45.206001,67.827248,422.869995,127.636063
2015-05-04,34.573124,54.102222,46.102001,68.327782,423.040009,127.952095
2015-05-05,33.495796,53.834724,46.59,67.421684,421.190002,126.854752
2015-05-06,33.974606,53.433479,46.085999,67.430344,419.100006,127.091766
2015-05-07,33.92532,53.918327,47.360001,67.760338,426.880005,126.907402
2015-05-08,34.840691,54.745914,47.321999,68.194542,433.690002,128.066299
2015-05-11,34.566093,54.712467,47.897999,67.821129,432.850006,126.652824
2015-05-12,34.143608,54.637241,48.948002,68.567955,431.019989,126.47728
2015-05-13,34.023899,54.770981,48.636002,67.873238,426.869995,125.748604
2015-05-14,34.270348,55.214039,48.82,68.359535,432.279999,125.186783
2015-05-15,34.368919,55.071922,49.768002,68.811096,426,127.144447
2015-05-18,34.115437,55.523335,49.75,69.401604,425.23999,127.346405
2015-05-19,33.692959,56.016544,49.428001,66.370911,421.709991,127.065475
2015-05-20,34.020283,55.57349,48.869999,65.910667,423.859985,125.968079
2015-05-21,34.127018,55.715618,49.124001,66.09304,431.630005,126.363098
2015-05-22,34.233757,55.565144,49.546001,65.875938,427.630005,126.134872
2015-05-26,33.728531,54.946529,49.492001,65.04229,425.470001,125.757385
2015-05-27,34.020283,55.565144,49.486,65.294128,431.420013,127.662415
2015-05-28,33.934898,55.339424,50.290001,64.990173,426.570007,126.644043
2015-05-29,33.79969,54.988335,50.16,64.495201,429.230011,125.177971
2015-06-01,33.778347,55.239124,49.889999,64.894676,430.920013,125.002411
2015-06-02,33.998924,55.188953,49.669998,64.720963,430.98999,124.133278
2015-06-03,34.084316,55.757397,49.798,65.033607,436.589996,124.77417
2015-06-04,33.771229,55.448101,49.183998,64.390999,430.779999,123.474869
2015-06-05,33.571991,56.359268,49.827999,63.444454,426.950012,121.833214
2015-06-08,33.707188,55.916225,51.257999,63.05368,423.5,121.19239
2015-06-09,33.443905,56.158649,51.200001,62.932106,425.480011,121.183601
2015-06-10,33.849503,57.061474,50.139999,63.331558,430.769989,122.403831
2015-06-11,33.778347,57.278824,50.282001,63.340248,432.970001,122.307266
2015-06-12,33.764118,57.053127,50.138,62.897381,429.920013,121.833214
2015-06-15,33.258896,56.835766,50.076,62.463177,423.670013,120.472519
2015-06-16,33.194862,57.153431,50.624001,62.8279,427.26001,121.130898
2015-06-17,33.237545,56.961151,52.082001,63.157883,427.809998,121.921036
2015-06-18,33.230431,57.496143,52.377998,63.374985,439.390015,123.343208
2015-06-19,33.280247,56.910999,52.501999,63.166557,434.920013,123.167625
2015-06-22,33.678726,57.646622,51.958,63.210003,436.290009,123.071045
2015-06-23,33.664494,58.307041,53.534,63.018951,445.98999,122.597015
2015-06-24,33.557762,57.6968,53.034,62.853954,440.839996,121.446983
2015-06-25,33.18774,57.387489,53.757999,62.402386,440.100006,120.665634
2015-06-26,33.08812,57.638283,53.417999,62.628181,438.100006,121.201149
2015-06-29,32.141724,56.175358,52.403999,62.020294,429.859985,119.120537
2015-06-30,31.885571,56.643501,53.652,61.594795,434.089996,118.567467
2015-07-01,31.800169,57.274548,53.830002,62.41975,437.390015,119.822868
2015-07-02,32.148842,56.811783,56.004002,62.402386,437.709991,119.735107
2015-07-06,31.494194,56.651905,55.944,62.984211,436.040009,119.287361
2015-07-07,31.109945,56.205975,53.576,64.078362,436.720001,123.343208
2015-07-08,30.277411,55.053242,50.992001,63.444454,429.700012,122.816475
2015-07-09,30.611845,55.625397,51.584,63.20129,434.390015,122.421394
2015-07-10,31.216688,56.416325,51.830002,63.496559,443.51001,125.292122
2015-07-13,31.608051,57.291382,52.431999,64.156525,455.570007,126.468483
2015-07-14,31.693441,58.090721,53.130001,64.078362,465.570007,126.354362
2015-07-15,31.800169,58.216927,52.627998,63.956818,461.190002,126.09095
2015-07-16,32.191536,58.52824,53.335999,64.113106,475.480011,126.705544
2015-07-17,32.24136,58.233753,54.931999,63.731014,483.01001,127.012764
2015-07-20,32.454826,58.275837,56.452,63.479206,488.100006,127.328789
2015-07-21,32.397896,58.141201,53.354,63.166557,488,127.24102
2015-07-22,32.148842,58.965786,53.574001,63.5313,488.269989,128.505173
2015-07-23,31.906906,58.59557,53.439999,62.966858,482.179993,127.820427
2015-07-24,31.358995,57.981335,53.082001,62.159233,529.419983,127.284966
2015-07-27,31.230915,57.224079,50.602001,61.985569,531.409973,126.635262
2015-07-28,31.878447,57.257725,52.964001,62.610802,526.030029,126.898636
2015-07-29,32.077682,58.00658,52.764,62.723686,529,127.627319
2015-07-30,32.02787,58.090721,53.358002,62.662907,536.76001,127.557053
2015-07-31,32.070568,57.661602,53.23,62.506599,536.150024,127.557053
2015-08-03,32.141724,57.661602,51.998001,62.68029,535.030029,127.750198
2015-08-04,32.234238,57.602699,53.256001,62.741085,531.900024,127.153236
2015-08-05,32.860416,57.829887,54.026001,64.271111,537.01001,128.952866
2015-08-06,32.540215,57.426003,49.226002,63.641617,529.460022,128.557877
2015-08-07,32.369434,57.257725,48.501999,62.29517,522.619995,127.521912
2015-08-10,32.348083,57.964508,48.228001,62.496262,524,128.391022
2015-08-11,32.148842,57.40918,47.473999,62.889679,527.460022,128.074997
2015-08-12,31.508451,56.576191,47.633999,63.457993,525.909973,128.955338
2015-08-13,31.501261,56.837025,48.501999,63.047089,529.659973,127.881378
2015-08-14,31.486874,57.123096,48.630001,63.28315,531.52002,128.60318
2015-08-17,31.278212,57.274548,50.998001,62.872215,535.219971,128.60318
2015-08-18,31.364555,57.392338,52.144001,60.747623,535.02002,128.198212
2015-08-19,30.486719,56.879093,51.049999,59.951984,532.919983,127.79332
2015-08-20,30.047794,55.482361,48.436001,59.829586,515.780029,126.508095
2015-08-21,29.155575,53.513474,46.153999,58.177113,494.470001,122.35305
2015-08-24,27.630157,50.694752,43.773998,55.91264,463.369995,117.053619
2015-08-25,28.220181,50.408684,44.006001,55.169456,466.369995,116.824753
2015-08-26,28.155426,52.932896,44.967999,56.682041,500.769989,121.622444
2015-08-27,28.896536,54.253906,48.598,57.774937,518.369995,123.42704
2015-08-28,28.709469,53.959412,49.695999,56.778217,518.01001,123.198128
2015-08-31,28.543974,53.934166,49.812,56.594601,512.890015,123.286171
2015-09-01,27.457474,51.704437,47.726002,55.798973,496.540009,121.745674
2015-09-02,27.738085,52.646812,49.537998,56.341057,510.549988,123.611885
2015-09-03,27.745287,52.739372,49.113998,56.708267,504.720001,123.664665
2015-09-04,27.112093,51.74651,48.386002,55.860172,499,121.904121
2015-09-08,28.112249,53.143253,49.633999,58.03722,517.539978,124.500954
2015-09-09,28.29933,52.318665,49.782001,56.935593,516.890015,122.960442
2015-09-10,28.105061,52.722546,49.695999,56.061264,522.23999,123.250984
2015-09-11,28.148226,52.638405,50.048,56.524662,529.440002,124.166466
2015-09-14,27.910782,52.486958,50.638,56.20116,521.380005,124.254478
2015-09-15,28.205786,53.496639,50.714001,56.23613,522.369995,125.381279
2015-09-16,28.673481,53.967819,52.450001,56.559635,527.390015,126.420067
2015-09-17,28.076277,52.714127,52.414001,56.367287,538.869995,126.191154
2015-09-18,27.435884,51.275326,52.124001,55.379303,540.26001,124.835503
2015-09-21,27.673334,51.704437,52.84,55.711548,548.390015,126.067932
2015-09-22,27.191246,51.25008,52.188,55.597878,538.400024,125.574959
2015-09-23,27.327959,51.022896,52.212002,55.711548,536.070007,128.022186
2015-09-24,27.047335,50.66951,52.624001,55.807705,533.75,127.529205
2015-09-25,27.385525,51.721283,51.382,55.764008,524.25,128.127838
2015-09-28,26.730742,50.467567,49.686001,55.659084,504.059998,126.367226
2015-09-29,26.651594,50.349777,49.330002,55.764008,496.070007,126.516884
2015-09-30,27.256002,51.300571,49.68,56.690777,511.890015,127.265129
2015-10-01,27.464666,51.679207,47.976002,56.192417,520.719971,127.256325
2015-10-02,28.018713,51.535118,49.514,56.813183,532.539978,128.400696
2015-10-05,28.450438,52.560574,49.23,57.591328,543.679993,130.346191
2015-10-06,28.443241,52.586002,48.292,57.425209,537.47998,130.645477
2015-10-07,29.191559,52.653793,46.391998,58.019745,541.940002,130.249405
2015-10-08,29.34985,52.653793,45.344002,58.474384,533.159973,133.506454
2015-10-09,29.191559,52.484306,44.138,58.308266,539.799988,135.539948
2015-10-12,29.270699,52.306332,43.116001,58.518093,550.190002,135.240662
2015-10-13,28.450438,52.162254,43.849998,58.343239,548.900024,134.052261
2015-10-14,28.630316,50.840202,43.375999,52.485317,544.830017,131.904327
2015-10-15,29.076429,52.450409,44.262001,51.873287,562.440002,133.603317
2015-10-16,29.047644,52.908039,45.402,51.488594,570.76001,133.858566
2015-10-19,28.867764,52.730061,45.619999,51.453609,573.150024,134.879776
2015-10-20,28.68787,52.984318,42.605999,51.36618,560.880005,136.059341
2015-10-21,28.367266,52.594479,42.018002,51.270008,555.77002,136.631546
2015-10-22,28.615011,53.552124,42.344002,51.497337,563.909973,139.219635
2015-10-23,29.081358,54.128403,41.818001,50.972748,599.030029,137.098099
2015-10-26,28.819044,54.153828,43.051998,50.727924,608.609985,137.969589
2015-10-27,28.578579,53.933487,42.07,50.25581,611.01001,138.876328
2015-10-28,28.855478,55.509804,42.591999,50.395691,617.099976,138.876328
2015-10-29,28.585865,55.264019,42.326,50.675457,626.549988,139.334076
2015-10-30,28.469275,54.450447,41.386002,50.045963,625.900024,139.193192
2015-11-02,28.447418,55.543697,42.757999,50.369446,628.349976,140.099899
2015-11-03,28.432844,55.747074,41.669998,50.806622,625.309998,139.79184
2015-11-04,29.176088,55.806416,46.326,51.033939,640.950012,138.33931
2015-11-05,28.78989,56.306438,46.354,51.243774,655.650024,137.564651
2015-11-06,29.044928,58.018341,46.472,51.392414,659.369995,138.691452
2015-11-09,29.139656,57.111519,45.066002,51.138859,655.48999,136.587524
2015-11-10,28.899193,57.357307,43.299999,51.304985,659.679993,138.043793
2015-11-11,28.957487,57.077637,43.816002,50.343235,673.25,138.026138
2015-11-12,28.833614,55.933544,42.588001,49.792408,665.599976,137.6819
2015-11-13,28.359982,55.560638,41.438,49.329018,642.349976,135.625534
2015-11-16,28.578579,56.365765,42.862,50.596783,647.809998,138.079025
2015-11-17,28.717024,56.043713,42.799999,52.389122,643.299988,140.23259
2015-11-18,29.023071,57.162384,44.214001,53.27219,663.539978,142.31543
2015-11-19,29.292681,57.340355,44.360001,53.071102,661.27002,143.70993
2015-11-20,29.372835,57.238644,44.001999,52.52029,668.450012,143.948227
2015-11-23,29.40197,56.679314,43.549999,52.686409,678.98999,144.257095
2015-11-24,29.168802,56.59457,43.650002,52.389122,671.150024,143.14505
2015-11-25,29.263531,56.662361,45.928001,52.668922,675.340027,143.321579
2015-11-27,29.234386,56.925083,46.321999,52.362907,673.26001,144.371841
2015-11-30,29.074081,56.509819,46.051998,51.44487,664.799988,142.465515
2015-12-01,29.620579,57.297974,47.438,51.576027,679.059998,142.350723
2015-12-02,29.241669,56.492874,46.397999,51.443771,676.01001,142.17421
2015-12-03,28.899193,55.764042,46.542,52.052109,666.25,144.451263
2015-12-04,29.044928,57.535267,46.076,52.598724,672.640015,147.213745
2015-12-07,28.717024,56.78101,46.226002,53.339306,669.830017,147.49617
2015-12-08,27.959213,55.899632,45.344002,52.554638,677.330017,149.040665
2015-12-09,28.148663,55.475899,44.903999,52.131439,664.789978,140.965088
2015-12-10,28.214241,55.60302,45.414001,52.510555,662.320007,142.853836
2015-12-11,27.59487,54.297901,43.403999,52.334229,640.150024,141.229874
2015-12-14,27.624016,54.467392,43.716,53.242313,657.909973,142.836136
2015-12-15,28.010212,56.01828,44.217999,52.581085,658.640015,142.350723
2015-12-16,28.782604,57.230186,46.902,53.162983,675.77002,143.648102
2015-12-17,28.848186,56.170826,46.678001,51.999207,670.650024,141.812378
2015-12-18,28.622292,54.577576,46.091999,51.88459,664.140015,139.182266
2015-12-21,28.753452,55.543697,46.512001,52.501743,664.51001,140.673813
2015-12-22,28.833614,55.662334,45.990002,53.374569,663.150024,142.297791
2015-12-23,29.394691,56.552193,45.939999,53.859467,663.700012,142.721451
2015-12-24,29.409269,56.442032,46.113998,53.630241,662.789978,142.756729
2015-12-28,29.168802,56.255585,45.790001,53.5597,675.200012,142.236023
2015-12-29,29.350971,56.840332,47.438,54.317921,693.969971,143.559891
2015-12-30,28.928345,56.433544,47.618,54.379639,689.070007,143.603989
2015-12-31,28.760756,55.958965,48.001999,54.044613,675.890015,142.536057
2016-01-04,28.119513,54.278229,44.681999,54.185684,636.98999,140.806213
2016-01-05,28.05394,54.372078,44.686001,55.472874,633.789978,141.150421
2016-01-06,27.084793,53.587162,43.807999,56.028305,632.650024,139.844208
2016-01-07,26.51643,51.420128,43.130001,57.33313,607.940002,136.640472
2016-01-08,26.341549,50.268364,42.200001,56.019482,607.049988,134.248703
2016-01-11,26.545576,50.191566,41.57,56.619011,617.73999,136.5522
2016-01-12,26.676741,50.302494,41.993999,56.090027,617.890015,137.734848
2016-01-13,26.210394,48.920364,40.062,54.591228,581.809998,134.257523
2016-01-14,26.53829,49.654087,41.236,55.596302,593,135.193024
2016-01-15,25.233967,48.664429,40.998001,54.600044,570.179993,132.730652
2016-01-19,25.226677,48.638821,40.944,55.155487,574.47998,132.80127
2016-01-20,24.410566,47.359077,39.740002,53.639065,571.77002,131.345047
2016-01-21,24.417852,47.137253,39.993999,54.555962,575.02002,132.721832
2016-01-22,25.175663,48.587635,40.509998,55.2701,596.380005,135.643173
2016-01-25,24.432423,47.487053,39.276001,55.940136,596.530029,133.07489
2016-01-26,24.840485,48.698551,38.712002,56.425041,601.25,131.062561
2016-01-27,24.7749,48.664429,37.613998,56.380962,583.349976,130.383026
2016-01-28,25.110088,48.869167,37.939999,56.619011,635.349976,132.024597
2016-01-29,25.795044,50.763199,38.240002,58.505722,587,133.374954
2016-02-01,25.46714,50.217175,39.388,59.510792,574.809998,133.48967
2016-02-02,24.446997,48.655876,36.556,58.946541,552.099976,131.062561
2016-02-03,24.301264,48.98008,34.695999,58.426369,531.070007,129.473984
2016-02-04,24.527151,49.824711,35.066002,58.558609,536.26001,126.455536
2016-02-05,24.286692,49.270164,32.52,59.069973,502.130005,127.082138
2016-02-08,23.222824,48.237846,29.598,58.981812,488.100006,129.756409
2016-02-09,23.047943,47.947769,29.65,58.020809,482.070007,130.56839
2016-02-10,23.208252,47.367611,28.733999,58.003185,490.480011,131.019699
2016-02-11,22.377567,45.277355,30.094,57.58881,503.820007,129.780731
2016-02-12,23.25926,49.04834,30.208,58.347023,507.079987,131.550659
2016-02-16,23.499722,49.782055,31.034,58.10017,521.099976,131.957764
2016-02-17,23.842201,50.140381,33.736,58.285313,534.099976,133.550705
2016-02-18,23.521582,49.321358,33.354,56.530846,525,131.550659
2016-02-19,23.448719,49.329884,33.316002,57.006935,534.900024,131.594894
2016-02-22,23.026081,49.969746,35.548,57.862118,559.5,132.798492
2016-02-23,22.654461,47.879501,35.442001,58.611519,552.940002,133.063919
2016-02-24,22.47958,47.896561,35.799999,59.175758,554.039978,136.170197
2016-02-25,22.931358,48.638821,37.486,59.98687,555.150024,136.922409
2016-02-26,23.448719,49.091,38.068001,58.63797,555.22998,132.462173
2016-02-29,23.149961,48.033073,38.386002,58.488083,552.52002,132.771912
2016-03-01,23.521582,50.507259,37.27,58.59388,579.039978,133.205597
2016-03-02,24.078035,50.985016,37.667999,58.373463,580.210022,135.214462
2016-03-03,24.183315,51.155655,39.147999,58.311752,577.48999,134.161316
2016-03-04,24.288589,51.232433,40.208,58.875996,575.140015,133.541855
2016-03-07,24.19083,51.138588,41.057999,59.854637,562.799988,131.12587
2016-03-08,23.965244,50.148918,40.52,59.98687,560.26001,133.586029
2016-03-09,24.145721,50.439003,41.743999,59.977985,559.469971,135.444519
2016-03-10,24.115637,50.00388,41.035999,59.871426,558.929993,135.285217
2016-03-11,24.619457,50.62669,41.5,59.658257,569.609985,135.143646
2016-03-14,24.423946,50.439003,43.029999,59.827023,573.369995,135.108231
2016-03-15,24.326191,50.507259,43.667999,60.475357,577.02002,136.444565
2016-03-16,24.499146,50.268364,44.386002,60.386559,574.27002,136.338364
2016-03-17,24.46154,50.123314,45.276001,59.906944,559.440002,136.143661
2016-03-18,24.536739,51.599304,46.548,59.46286,552.080017,135.533005
2016-03-21,24.47658,51.582222,47.664001,60.368797,553.97998,136.232132
2016-03-22,24.063,51.394543,46.848,60.279972,560.47998,134.718857
2016-03-23,23.762215,51.138588,44.515999,59.915825,569.630005,135.851593
2016-03-24,23.468943,50.74614,45.549999,60.395443,582.950012,134.010849
2016-03-28,23.529104,50.677876,46.051998,60.50201,579.869995,135.108231
2016-03-29,23.506544,50.362209,46.026001,60.422066,593.859985,137.400314
2016-03-30,23.679497,50.94236,45.377998,61.105972,598.690002,139.47113
2016-03-31,23.401266,50.524315,45.953999,60.830635,593.640015,139.45343
2016-04-01,23.250872,51.078869,47.518002,61.336884,598.5,140.046402
2016-04-04,23.153122,50.881199,49.397999,61.372414,593.190002,139.586151
2016-04-05,22.288357,50.159233,51.094002,60.963852,586.140015,138.046356
2016-04-06,22.408669,50.546001,53.084,61.319134,602.080017,138.736603
2016-04-07,22.002605,49.265354,51.439999,60.590828,591.429993,134.54187
2016-04-08,22.258276,49.62635,50.014,60.448727,594.599976,134.205582
2016-04-11,22.453789,50.021709,49.984001,59.862534,595.929993,131.904648
2016-04-12,22.732016,50.949947,49.563999,61.105972,603.169983,133.205597
2016-04-13,24.017885,53.107239,50.905998,61.416828,614.820007,134.409103
2016-04-14,24.017885,53.794823,50.372002,61.105972,620.75,133.984314
2016-04-15,24.00284,53.175999,50.902,61.336884,625.890015,135.550735
2016-04-18,24.108116,53.519791,50.776001,62.047428,635.349976,135.665741
2016-04-19,24.702173,54.422241,49.473999,61.967487,627.900024,136.002045
2016-04-20,25.236073,55.212975,49.993999,61.470116,632.98999,135.170212
2016-04-21,25.348867,54.662895,49.658001,60.812874,631,134.002014
2016-04-22,25.31127,54.980911,50.75,61.034916,620.5,132.674576
2016-04-25,25.108234,54.662895,50.363998,61.701061,626.200012,134.081711
2016-04-26,25.830124,54.946529,50.748001,61.550053,616.880005,135.046295
2016-04-27,25.634619,55.101242,50.293999,61.656631,606.570007,134.709
2016-04-28,25.409025,54.662895,49.542,61.203659,602,134.416077
2016-04-29,25.063122,54.319107,48.152,59.3918,659.590027,131.478195
2016-05-02,24.99544,54.826191,48.360001,60.031265,683.849976,133.963425
2016-05-03,24.5217,53.769039,46.464001,59.507271,671.320007,134.389465
2016-05-04,23.957726,52.918148,44.512001,59.676022,670.900024,134.478256
2016-05-05,23.83741,52.634529,42.306,59.693779,659.090027,131.220764
2016-05-06,23.717094,52.943939,42.986,60.617477,673.950012,129.978165
2016-05-09,23.476463,52.608742,41.784,61.239189,679.75,131.88652
2016-05-10,23.747173,53.322109,41.737999,61.097076,703.070007,132.747421
2016-05-11,23.506544,53.124432,41.792,59.415108,713.22998,130.581711
2016-05-12,23.303511,53.09005,41.456001,59.808754,717.929993,130.2267
2016-05-13,23.168161,52.600147,41.521999,58.09993,709.919983,128.25621
2016-05-16,23.446384,52.99551,41.658001,59.066177,710.659973,129.401215
2016-05-17,23.611818,52.99551,40.931999,58.243095,695.27002,127.457443
2016-05-18,24.032093,55.041065,42.234001,56.498482,697.450012,125.407104
2016-05-19,23.955683,54.482407,43.042,61.91124,698.52002,126.658615
2016-05-20,23.772287,54.585548,44.056,62.501724,702.799988,126.649757
2016-05-23,23.657663,54.542568,43.243999,62.179623,696.75,126.046135
2016-05-24,24.375957,55.470802,43.582001,62.84169,704.200012,126.543213
2016-05-25,25.086605,56.313099,43.916,63.056419,708.349976,128.291779
2016-05-26,24.918493,55.891945,45.023998,63.387444,714.909973,132.880585
2016-05-27,25.040758,56.235741,44.608002,63.297989,712.23999,132.321381
2016-05-31,24.788586,56.098225,44.646,63.324814,722.789978,132.04628
2016-06-01,24.673967,56.459206,43.911999,63.074306,719.440002,135.37471
2016-06-02,24.842075,56.562347,43.792,63.476902,728.23999,134.478256
2016-06-03,24.865004,55.556751,43.798,63.405346,725.539978,134.655762
2016-06-06,24.834436,56.106819,44.136002,63.566387,726.72998,135.126175
2016-06-07,24.857361,55.917732,46.467999,63.548489,723.73999,135.463455
2016-06-08,24.826794,56.081043,47.104,63.772148,726.640015,136.129089
2016-06-09,24.628122,55.651299,45.872002,63.602165,727.650024,136.732727
2016-06-10,23.695873,54.869167,43.757999,63.646893,717.909973,137.460541
2016-06-13,23.474274,54.379269,43.574001,63.101143,715.23999,137.53154
2016-06-14,23.038713,53.356491,42.992001,63.476902,719.299988,138.348099
2016-06-15,23.099848,53.261948,43.540001,63.628994,714.26001,137.451645
2016-06-16,23.313805,53.476818,43.585999,63.790039,717.51001,138.836273
2016-06-17,23.802851,53.528381,43.094002,63.476902,706.390015,138.36586
2016-06-20,24.452368,53.605736,43.939999,63.611115,714.01001,138.889572
2016-06-21,24.780954,54.104229,43.922001,63.933212,715.820007,139.52861
2016-06-22,24.949059,53.897957,39.332001,64.192635,710.599976,140.345184
2016-06-23,25.774328,55.049664,39.279999,64.505775,722.080017,139.377701
2016-06-24,23.443705,51.224979,38.630001,64.380547,698.960022,138.072952
2016-06-27,22.450331,49.514618,39.709999,63.968979,691.359985,136.919067
2016-06-28,23.031076,51.156219,40.358002,63.977913,707.950012,138.108475
2016-06-29,23.428425,52.600147,42.037998,64.82785,715.599976,139.422104
2016-06-30,23.925112,53.408062,42.456001,65.328873,715.619995,139.386597
2016-07-01,23.940399,53.061588,43.299999,65.141006,725.679993,138.561157
2016-07-05,23.153336,51.580444,42.796001,65.436249,728.099976,137.797806
2016-07-06,23.069283,52.134785,42.888,66.044617,737.609985,138.472366
2016-07-07,22.939381,52.472591,43.188,65.785172,736.570007,145.297913
2016-07-08,23.313805,53.555305,43.355999,66.062515,745.809998,146.842316
2016-07-11,23.749363,53.93642,44.956001,66.259331,753.780029,147.978439
2016-07-12,24.100864,54.741951,44.93,65.552544,748.210022,147.587891
2016-07-13,24.009172,54.70731,44.506001,65.865692,742.630005,148.031723
2016-07-14,24.368315,55.538837,44.306,65.937248,741.200012,148.173691
2016-07-15,24.34539,55.590797,44.080002,65.910416,735.440002,147.703262
2016-07-18,24.551706,55.400246,45.25,66.062515,736.070007,148.679611
2016-07-19,24.429447,55.313629,45.051998,65.901474,739.950012,149.221039
2016-07-20,24.887924,55.374268,45.672001,66.017784,745.719971,149.150024
2016-07-21,24.819153,55.166378,44.099998,65.776222,744.429993,148.271317
2016-07-22,24.742743,55.469547,44.453999,65.803062,744.859985,148.644119
2016-07-25,24.574633,55.322292,46.001999,65.981964,739.609985,149.087891
2016-07-26,24.857361,55.547497,45.902,65.964096,735.590027,148.73288
2016-07-27,24.994905,55.720722,45.698002,65.59729,736.669983,147.472549
2016-07-28,24.742743,55.521507,46.122002,65.525726,752.609985,147.65004
2016-07-29,25.025473,55.408905,46.958,65.284149,758.809998,148.422241
2016-08-01,24.651041,55.261662,46.001999,66.008804,767.73999,148.723999
2016-08-02,24.574633,55.131741,45.439999,65.427277,760.580017,147.783157
2016-08-03,25.751404,56.006573,45.158001,65.257317,754.640015,147.445877
2016-08-04,26.171677,55.919941,46.122002,65.579391,760.77002,147.82756
2016-08-05,26.591951,57.427086,46.006001,65.990952,765.97998,148.848297
2016-08-08,26.805912,57.253853,45.231998,65.615173,766.559998,148.581985
2016-08-09,26.897606,57.054634,45.816002,65.794113,768.309998,148.99028
2016-08-10,27.060385,56.543598,45.130001,66.613838,768.559998,149.773453
2016-08-11,27.36269,56.699505,44.981998,66.478722,771.23999,149.408569
2016-08-12,27.323936,56.578247,45.122002,66.559784,772.559998,150.440918
2016-08-15,27.432457,56.924713,45.118,66.046341,768.48999,150.165024
2016-08-16,27.401449,56.916046,44.722,65.658981,764.039978,149.880234
2016-08-17,27.579731,57.07196,44.647999,65.69503,764.630005,149.479736
2016-08-18,27.796778,57.123928,44.702,66.9291,764.460022,149.292877
2016-08-19,27.602991,57.045963,45,65.586929,757.309998,149.533157
2016-08-22,27.595232,56.993999,44.585999,65.487846,759.47998,149.46196
2016-08-23,27.664999,56.96801,44.967999,64.830254,762.450012,148.945801
2016-08-24,27.727011,57.123928,44.523998,65.064476,757.25,149.13269
2016-08-25,27.796778,57.227856,44.192001,64.154648,759.219971,146.72084
2016-08-26,27.804531,57.357796,43.998001,64.082603,769,145.893158
2016-08-29,28.006065,57.990101,43.040001,64.316803,771.289978,145.937653
2016-08-30,28.34713,58.466503,42.268002,64.235725,767.580017,144.139923
2016-08-31,28.835478,58.466503,42.402,64.352844,769.159973,144.2556
2016-09-01,29.362577,58.215305,40.153999,65.613953,770.619995,139.022583
2016-09-02,29.959436,58.457825,39.556,65.307693,772.440002,140.597809
2016-09-06,29.711391,58.41452,40.566002,65.758095,788.869995,140.669037
2016-09-07,29.339323,58.171997,40.341999,64.911331,784.47998,138.515305
2016-09-08,29.602869,58.249939,39.472,64.70414,784.059998,136.584045
2016-09-09,29.595118,57.730247,38.894001,63.325947,760.140015,134.118851
2016-09-12,29.455587,58.085358,39.66,64.803238,771.48999,134.999893
2016-09-13,28.649437,57.626312,39.209999,64.370865,761.01001,134.154449
2016-09-14,28.757954,57.513699,39.282001,64.424911,761.090027,134.109924
2016-09-15,29.331572,57.721581,40.084,65.217606,769.690002,135.872055
2016-09-16,28.81221,57.011326,41.080002,65.640961,778.52002,135.58728
2016-09-19,29.254061,57.331814,41.268002,64.938339,775.099976,135.088882
2016-09-20,29.300556,57.56567,40.928001,64.830254,780.219971,135.427094
2016-09-21,29.788897,57.894817,41.043999,65.028435,789.73999,135.898773
2016-09-22,29.308317,58.371204,41.285999,65.10051,804.700012,136.299271
2016-09-23,28.843225,58.249939,41.490002,65.172554,805.75,135.747467
2016-09-26,28.556423,56.976677,41.798,64.514999,799.159973,134.554947
2016-09-27,29.137779,57.479057,41.161999,65.154533,816.109985,133.896408
2016-09-28,29.013762,57.782211,41.254002,64.668114,828.719971,132.970779
2016-09-29,28.804464,56.864075,40.139999,63.71328,829.049988,131.262009
2016-09-30,29.15329,57.678268,40.806,64.965385,837.309998,135.729721
2016-10-03,29.16103,57.60899,42.740002,64.866295,836.73999,134.394699
2016-10-04,29.424578,58.106289,42.282001,64.632065,834.030029,133.923035
2016-10-05,29.695887,59.057274,41.692001,64.560013,844.359985,133.478043
2016-10-06,29.618378,59.214317,40.200001,62.479179,841.659973,133.024185
2016-10-07,29.881924,59.423706,39.321999,61.884651,839.429993,133.486969
2016-10-10,29.874178,59.886116,40.189999,61.236076,841.710022,133.74501
2016-10-11,29.15329,59.598198,40.02,60.704609,831,134.394699
2016-10-12,29.207548,59.441154,40.301998,60.767677,834.090027,133.905243
2016-10-13,28.982754,59.100883,40.048,61.461285,829.280029,133.69165
2016-10-14,29.199797,58.908958,39.301998,61.659454,822.960022,133.629349
2016-10-17,28.975004,58.603588,38.792,61.452282,812.950012,132.338898
2016-10-18,29.711391,59.065994,39.82,62.037792,817.650024,132.703751
2016-10-19,29.703541,59.633099,40.712002,62.055809,817.690002,133.006348
2016-10-20,29.876322,59.554581,39.82,61.911682,810.320007,133.531418
2016-10-21,30.025549,59.755234,40.018002,61.560371,818.98999,132.579193
2016-10-24,29.907734,60.086773,40.551998,62.326046,838.090027,135.382584
2016-10-25,29.939148,60.025715,40.467999,62.479179,835.179993,134.376938
2016-10-26,29.939148,60.313629,40.448002,62.686352,822.590027,134.368042
2016-10-27,29.868467,60.40086,40.801998,62.902557,818.359985,134.261215
2016-10-28,29.727102,60.296177,39.993999,63.046673,776.320007,133.282272
2016-10-31,29.554314,60.427044,39.546001,63.073692,789.820007,131.600159
2016-11-01,29.452211,60.174038,38.158001,62.425137,785.409973,130.523331
2016-11-02,29.138048,59.921009,37.604,62.560246,765.559998,130.57695
2016-11-03,29.130196,59.659267,37.484001,62.722389,767.030029,128.952164
2016-11-04,29.083078,59.118347,38.112,62.299019,755.049988,126.979301
2016-11-07,30.22975,60.967983,38.641998,62.857513,784.929993,128.139801
2016-11-08,30.143358,61.09885,38.987999,62.866535,787.75,130.416214
2016-11-09,30.394686,63.908195,38.012001,64.04657,771.880005,131.041077
2016-11-10,30.740255,66.87458,37.07,64.3078,742.380005,130.96077
2016-11-11,30.81094,66.909485,37.712002,64.163658,739.01001,133.335388
2016-11-14,31.132952,69.369827,36.290001,63.497078,719.070007,135.692154
2016-11-15,31.376417,69.238953,36.754002,64.334831,743.23999,134.933319
2016-11-16,30.677418,67.528923,36.785999,64.3078,746.48999,135.817108
2016-11-17,30.858057,68.069862,37.731998,62.326046,756.400024,134.977982
2016-11-18,30.646002,67.799385,37.004002,61.740536,760.159973,134.228104
2016-11-21,30.999432,68.096031,36.903999,62.488197,780,134.951233
2016-11-22,31.203636,68.514809,38.234001,63.16378,785.330017,136.290268
2016-11-23,31.345005,68.802719,38.627998,63.803349,780.119995,135.335068
2016-11-25,31.282167,68.776558,39.330002,64.163658,780.369995,135.585022
2016-11-28,30.732399,68.331612,39.223999,64.12764,766.77002,135.022614
2016-11-29,30.873772,68.855087,37.914001,64.289803,762.52002,135.227921
2016-11-30,31.054413,69.945671,37.880001,63.443039,750.570007,134.004913
2016-12-01,31.054413,71.359062,36.375999,63.659233,743.650024,135.460083
2016-12-02,31.172218,71.193291,36.293999,63.848385,740.340027,135.772461
2016-12-05,31.305737,72.641571,37.360001,63.00164,759.359985,135.486816
2016-12-06,32.688026,73.016754,37.169998,63.379986,764.719971,134.80835
2016-12-07,33.740452,73.348282,38.630001,64.051323,770.419983,137.343643
2016-12-08,33.410587,74.264374,38.458,63.81546,767.330017,140.682388
2016-12-09,33.48912,74.587181,38.436001,63.579582,768.659973,142.56601
2016-12-12,32.530949,73.924118,38.486,65.022087,760.119995,143.128448
2016-12-13,33.033607,73.950256,39.630001,65.140038,774.340027,142.62854
2016-12-14,32.601627,73.924118,39.737999,64.72271,768.820007,141.932205
2016-12-15,32.507385,75.03215,39.515999,64.486801,761,142.932007
2016-12-16,32.483826,74.107323,40.498001,64.396095,757.77002,143.19986
2016-12-19,32.114689,74.534828,40.546001,64.940445,766,145.922592
2016-12-20,31.863369,75.494545,41.757999,65.15818,771.219971,146.279678
2016-12-21,31.824093,75.686493,41.540001,64.631973,770.599976,145.547699
2016-12-22,31.682724,75.80864,41.689999,63.135033,766.340027,144.681763
2016-12-23,31.313585,75.948235,42.667999,63.089668,760.590027,144.690704
2016-12-27,31.313585,76.018005,43.905998,63.234825,771.400024,144.66394
2016-12-28,31.235052,75.468384,43.948002,62.880989,772.130005,143.735443
2016-12-29,31.235052,74.936165,42.936001,62.835629,765.150024,143.842621
2016-12-30,31.557062,75.285149,42.737999,62.708622,749.869995,142.932007
2017-01-03,32.114689,76.105286,43.397999,62.291283,753.669983,142.592804
2017-01-04,32.42099,76.245651,45.397999,62.654171,757.179993,142.619583
2017-01-05,32.32674,75.543831,45.349998,62.790268,780.450012,145.431595
2017-01-06,32.31889,75.552597,45.801998,61.928387,795.98999,145.360199
2017-01-09,31.934048,75.605209,46.256001,62.336647,796.919983,143.699753
2017-01-10,32.004734,75.824547,45.973999,61.901188,795.900024,144.31572
2017-01-11,32.475975,76.394791,45.945999,62.17334,799.02002,144.208603
2017-01-12,32.342457,75.65786,45.917999,61.665283,813.640015,144.50322
2017-01-13,32.32674,76.061424,47.549999,60.903214,817.140015,144.494278
2017-01-17,32.342457,73.297951,47.116001,62.073555,809.719971,146.235077
2017-01-18,32.915787,73.640099,47.672001,61.792316,807.47998,146.645676
2017-01-19,32.727299,73.078621,48.751999,61.347752,809.039978,146.136856
2017-01-20,32.782276,73.403206,48.945999,60.948563,808.330017,146.618896
2017-01-23,32.892231,73.438286,49.784,60.467724,817.880005,145.520905
2017-01-24,33.065014,74.324379,50.922001,61.148155,822.440002,146.110062
2017-01-25,33.638355,75.473625,50.894001,60.685459,836.52002,146.529678
2017-01-26,33.764019,76.10527,50.501999,60.54031,839.150024,146.467194
2017-01-27,33.740452,76.263176,50.59,59.569553,835.77002,144.672791
2017-01-30,33.379173,75.473625,50.125999,60.25906,830.380005,145.735123
2017-01-31,33.457706,74.245407,50.386002,60.549385,823.47998,146.360062
2017-02-01,33.599083,74.526146,49.848,60.086693,832.349976,144.494278
2017-02-02,33.347759,74.210312,50.310001,60.513088,839.950012,150.109421
2017-02-03,33.599083,76.482506,50.265999,60.331631,810.200012,150.261215
2017-02-06,33.58337,76.122818,51.554001,60.240921,807.640015,149.109604
2017-02-07,33.638355,76.078964,51.495998,60.685459,812.5,149.547058
2017-02-08,33.441998,75.412216,52.416,61.520119,819.710022,150.755432
2017-02-09,33.818993,76.500061,53.84,62.67234,821.359985,153.028992
2017-02-10,33.748306,76.324593,53.846001,61.710636,827.460022,153.959946
2017-02-13,33.991772,77.333481,56.119999,61.483841,836.530029,153.924149
2017-02-14,34.172417,78.570465,56.195999,62.291283,836.390015,155.418991
2017-02-15,34.627945,79.474091,55.952,62.318497,842.700012,156.645294
2017-02-16,34.643658,79.421448,53.790001,62.481804,844.140015,157.316666
2017-02-17,34.486565,79.158249,54.445999,62.935432,845.070007,157.415115
2017-02-21,32.65662,79.842537,55.478001,64.822495,856.440002,158.381866
2017-02-22,33.180344,79.886429,54.702,65.05835,855.609985,157.996948
2017-02-23,33.051426,79.94783,51.198002,64.69548,852.190002,157.406143
2017-02-24,32.769417,79.245987,51.400002,65.675301,845.23999,158.936798
2017-02-27,32.51963,79.33371,49.245998,65.085602,848.640015,158.990509
2017-02-28,32.471287,79.500412,49.998001,64.350731,845.039978,158.596634
2017-03-01,32.906391,82.114746,50.004002,63.915241,853.080017,159.205353
2017-03-02,32.849995,80.833885,50.096001,64.196503,848.909973,159.312729
2017-03-03,33.043365,81.412918,50.313999,63.534199,849.880005,152.402466
2017-03-06,32.849995,80.640884,50.242001,63.398109,846.609985,149.242737
2017-03-07,32.688847,80.193489,49.717999,63.38905,846.02002,149.484375
2017-03-08,32.640495,80.017998,49.374001,63.791172,850.5,148.804092
2017-03-09,32.688847,80.333839,48.98,63.846008,853,148.383423
2017-03-10,32.696896,80.079407,48.737999,64.065346,852.460022,148.02533
2017-03-13,33.164219,80.149612,49.234001,63.928265,854.590027,147.291336
2017-03-14,32.83387,80.281197,51.599998,64.631989,852.530029,147.908997
2017-03-15,33.156166,80.474213,51.146,64.504028,852.969971,149.072617
2017-03-16,33.365658,80.395233,52.41,64.376091,853.419983,149.538086
2017-03-17,32.962788,79.55304,52.299999,63.873417,852.309998,150.209442
2017-03-20,32.761356,78.982803,52.383999,63.955681,856.969971,149.878189
2017-03-21,32.745235,76.66674,50.136002,63.882568,843.200012,149.28743
2017-03-22,32.632439,76.789566,51.001999,64.202431,848.059998,150.093033
2017-03-23,32.672726,76.66674,50.956001,63.846008,847.380005,149.394852
2017-03-24,32.680786,76.579018,52.632,63.617535,845.609985,148.607147
2017-03-27,32.785526,76.535156,54.043999,63.663231,846.820007,148.723511
2017-03-28,33.075596,77.728264,55.490002,64.266403,856,149.278503
2017-03-29,32.922504,77.438751,55.476002,64.650261,874.320007,149.869263
2017-03-30,33.075596,78.105507,55.584,65.427055,876.340027,150.280975
2017-03-31,32.890285,77.061523,55.66,65.874908,886.539978,150.10202
2017-04-03,32.680786,76.780792,59.703999,65.646416,891.51001,149.21582
2017-04-04,32.632439,77.036659,60.740002,65.810928,906.830017,149.708145
2017-04-05,32.77747,76.048462,59,65.481911,909.280029,149.484375
2017-04-06,32.753304,76.304337,59.740002,65.280861,898.280029,152.187622
2017-04-07,32.688847,76.039642,60.507999,66.624313,894.880005,152.724686
2017-04-10,32.890285,75.77494,62.478001,66.770538,907.039978,153.261765
2017-04-11,33.131989,75.642593,61.742001,67.108681,902.359985,152.733658
2017-04-12,33.011143,75.351402,59.368,67.117805,896.22998,152.321884
2017-04-13,32.358486,74.46907,60.799999,66.852791,884.669983,151.131378
2017-04-17,32.704952,75.757286,60.287998,67.163513,901.98999,151.901169
2017-04-18,32.358486,75.139648,60.049999,67.529083,903.780029,152.286057
2017-04-19,32.01202,74.522011,61.104,67.693588,899.200012,152.223404
2017-04-20,32.253738,75.483772,60.501999,68.360741,902.059998,152.304001
2017-04-21,32.181225,74.574944,61.119999,68.488693,898.530029,152.858963
2017-04-24,32.898335,77.204315,61.605999,68.342461,907.409973,154.255341
2017-04-25,33.228687,77.874886,62.757999,68.589226,907.619995,154.56868
2017-04-26,33.180344,78.024887,62.034,68.936485,909.289978,158.256485
2017-04-27,33.381775,77.301376,61.726002,68.945663,918.380005,158.838287
2017-04-28,33.172283,76.76313,62.813999,68.708038,924.98999,158.901001
2017-05-01,33.260914,76.816093,64.566002,68.753723,948.22998,159.205353
2017-05-02,33.365658,76.321983,63.778,69.018738,946.940002,159.858765
2017-05-03,33.534866,76.76313,62.203999,69.238098,941.030029,160.959763
2017-05-04,34.485634,76.851372,59.091999,69.768166,937.530029,163.313919
2017-05-05,34.388958,76.76313,61.669998,69.914391,934.150024,161.299911
2017-05-08,34.397011,76.851372,61.438,69.567101,949.039978,160.778381
2017-05-09,34.57428,76.542557,64.251999,70.115456,952.820007,160.815659
2017-05-10,34.993252,77.142563,65.043999,70.566261,948.950012,160.040436
2017-05-11,35.106056,76.90432,64.620003,70.041862,947.619995,159.956329
2017-05-12,35.23497,76.692551,64.961998,69.655449,961.349976,159.601456
2017-05-15,35.637848,77.063133,63.175999,70.189049,957.969971,160.245911
2017-05-16,35.782875,77.301376,63.402,69.103424,966.070007,159.71347
2017-05-17,35.122795,74.354355,61.222,69.112617,944.76001,157.985596
2017-05-18,35.139095,74.080841,62.612,71.339096,958.48999,159.451981
2017-05-19,35.326527,74.804359,62.166,72.470718,959.840027,160.311203
2017-05-22,35.367275,74.733765,62.07,72.268318,970.669983,161.021088
2017-05-23,35.399868,75.66906,60.771999,72.21312,971.539978,161.086456
2017-05-24,35.26133,75.624916,62.043999,71.900314,980.349976,161.59082
2017-05-25,35.350975,75.307289,63.366001,72.047501,993.380005,163.197327
2017-05-26,35.16354,75.316124,65.028,71.881889,995.780029,166.120712
2017-05-30,35.375423,74.027901,67.019997,71.900314,996.700012,167.110764
2017-05-31,35.440613,72.483818,68.202003,72.314316,994.619995,168.521103
2017-06-01,35.701393,73.286751,68.073997,73.427551,995.950012,168.707886
2017-06-02,35.685089,72.916161,67.970001,73.252747,1006.72998,169.025436
2017-06-05,35.782867,73.048515,69.463997,73.841576,1011.340027,170.06218
2017-06-06,36.068096,73.198517,70.57,72.617928,1003,169.47377
2017-06-07,36.076244,74.036736,71.93,72.82032,1010.070007,170.174301
2017-06-08,36.076244,74.954353,74,72.617928,1010.27002,169.436417
2017-06-09,36.027351,76.727875,71.463997,73.068741,978.309998,168.47438
2017-06-12,35.668789,76.745499,71.802002,72.90313,964.909973,167.783264
2017-06-13,35.74213,77.001358,75.190002,73.160759,980.789978,168.595825
2017-06-14,35.595448,76.842567,76.132004,73.510376,976.469971,169.679276
2017-06-15,35.701393,76.383751,75.068001,72.599541,964.169983,168.175537
2017-06-16,35.85622,76.039642,74.279999,69.223015,987.710022,156.080231
2017-06-19,36.002907,77.707253,73.959999,69.462234,995.169983,153.493073
2017-06-20,35.448769,77.221954,74.447998,69.499039,992.590027,152.148132
2017-06-21,35.42432,76.869034,75.279999,70.143059,1002.22998,152.381638
2017-06-22,35.293926,76.780792,76.522003,69.480621,1001.299988,149.243423
2017-06-23,35.334675,76.639626,76.690002,68.854996,1003.73999,146.758987
2017-06-26,35.782867,76.974907,75.498001,69.462234,993.97998,149.626312
2017-06-27,35.945862,77.689583,72.473999,69.931442,976.780029,148.748337
2017-06-28,36.385918,79.251328,74.248001,70.391464,990.330017,149.598358
2017-06-29,37.917953,80.424835,72.150002,69.857857,975.929993,148.20665
2017-06-30,37.803856,80.645424,72.321999,69.627831,968,149.374146
2017-07-03,38.496544,82.286728,70.524002,69.333435,953.659973,148.337448
2017-07-05,38.423203,83.111786,65.417999,69.296638,971.400024,147.590225
2017-07-06,38.309109,82.845642,61.765999,69.434631,965.140015,146.721603
2017-07-07,38.260223,83.262619,62.644001,69.305832,978.76001,143.938278
2017-07-10,38.830654,82.677086,63.209999,67.373764,996.469971,141.033524
2017-07-11,39.034386,82.357697,65.444,67.594559,994.130005,141.136307
2017-07-12,39.262558,82.073792,65.903999,68.027,1006.51001,141.73407
2017-07-13,39.409248,82.597229,64.681999,69.048218,1000.630005,143.461945
2017-07-14,39.287014,81.843124,65.556,70.235062,1001.809998,142.901566
2017-07-17,39.238113,81.080147,63.914001,70.262665,1010.039978,142.752121
2017-07-18,39.164768,80.796249,65.648003,70.106247,1024.449951,141.50058
2017-07-19,39.205517,80.911575,65.052002,69.802643,1026.869995,141.257721
2017-07-20,39.205517,80.911575,65.984001,69.940651,1028.699951,141.024246
2017-07-21,39.001793,80.636559,65.68,70.060242,1025.670044,140.510544
2017-07-24,39.295158,80.982544,68.503998,70.741066,1038.949951,141.033524
2017-07-25,40.110069,82.331078,67.919998,72.240715,1039.869995,143.060349
2017-07-26,40.224163,81.559204,68.769997,72.590347,1052.800049,142.05162
2017-07-27,39.987835,81.222107,66.891998,73.399963,1046,142.453247
2017-07-28,39.849297,80.982544,67.014,73.427551,1020.039978,142.798813
2017-07-31,40.819046,81.443886,64.694,73.593132,987.780029,148.047867
2017-08-01,41.397633,82.53511,63.914001,74.062378,996.190002,149.178024
2017-08-02,41.315334,82.606102,65.178001,74.089973,995.890015,150.635056
2017-08-03,41.200119,82.064919,69.417999,74.402786,986.919983,147.487503
2017-08-04,41.200119,83.094055,71.382004,74.043983,987.580017,146.114517
2017-08-07,41.084888,83.413429,71.033997,74.779999,992.27002,146.590851
2017-08-08,40.969669,83.111786,73.043999,75.065201,989.840027,147.338043
2017-08-09,40.895588,82.978729,72.706001,75.555893,982.01001,146.50679
2017-08-10,39.661072,81.789909,71.080002,74.676369,956.919983,146.301315
2017-08-11,39.315407,81.106743,71.573997,74.435646,967.98999,146.310638
2017-08-14,39.644619,82.056046,72.760002,74.713394,983.299988,147.487503
2017-08-15,39.430626,82.268974,72.466003,74.778206,982.73999,146.525467
2017-08-16,39.529392,81.701172,72.582001,74.972626,978.179993,149.692459
2017-08-17,38.854519,80.42363,70.384003,73.787575,960.570007,148.577469
2017-08-18,38.953289,80.503456,69.491997,73.426514,958.469971,147.181366
2017-08-21,38.945053,80.405876,67.571999,73.796844,953.289978,147.172012
2017-08-22,39.117886,81.230972,68.269997,74.083847,966.900024,148.69928
2017-08-23,39.043819,81.328552,70.554001,74.028297,958,149.327042
2017-08-24,39.019119,81.195465,70.585999,72.528488,952.450012,141.793716
2017-08-25,39.315407,81.523743,69.610001,72.796959,945.26001,142.843155
2017-08-28,39.405941,81.266449,69.132004,72.241455,946.02002,142.936813
2017-08-29,39.570549,80.822861,69.472,72.926552,954.059998,143.883163
2017-08-30,39.800991,81.009171,70.636002,72.713638,967.590027,144.707687
2017-08-31,39.833912,80.636559,71.18,72.278503,980.599976,146.862808
2017-09-01,39.916214,81.355164,71.080002,72.556252,978.25,148.268265
2017-09-05,39.224876,79.412224,69.917999,73.880165,965.27002,149.111542
2017-09-06,39.159042,79.944542,68.905998,74.139397,967.799988,148.849182
2017-09-07,39.060272,78.542778,70.122002,74.17643,979.469971,149.242752
2017-09-08,39.389481,78.445175,68.68,73.028404,965.900024,147.396866
2017-09-11,39.891521,79.660645,72.737999,73.213577,977.960022,147.44368
2017-09-12,40.163113,80.636559,72.550003,73.704269,982.580017,149.954803
2017-09-13,39.784527,80.867226,73.246002,73.935715,999.599976,152.718933
2017-09-14,39.710457,80.707527,75.528,73.769066,992.210022,152.138
2017-09-15,39.661072,81.28421,75.961998,74.417114,986.789978,152.072449
2017-09-18,40.04789,82.437531,77,74.065331,974.190002,150.77005
2017-09-19,40.525238,83.342491,75.019997,74.111641,969.859985,151.379044
2017-09-20,40.319492,83.928024,74.781998,74.528229,973.210022,152.587784
2017-09-21,40.31126,84.309502,73.295998,74.0746,964.650024,151.304047
2017-09-22,40.418255,84.132065,70.218002,73.630203,955.099976,151.126083
2017-09-25,39.891521,83.502182,68.998001,73.278374,939.789978,152.100525
2017-09-26,39.800991,83.129539,69.050003,73.500572,938.599976,153.730881
2017-09-27,40.228958,84.442596,68.194,73.407982,950.869995,154.058807
2017-09-28,40.508778,84.62001,67.919998,73.093216,956.400024,153.571579
2017-09-29,40.665154,84.735359,68.220001,72.343292,961.349976,153.937027
2017-10-02,40.401791,85.915321,68.306,72.630302,959.190002,155.436172
2017-10-03,40.780373,86.36779,69.627998,73.343201,957.099976,154.677246
2017-10-04,40.788601,85.489471,71.001999,73.222824,965.450012,154.799057
2017-10-05,40.887375,86.640617,71.066002,73.519096,980.849976,156.541855
2017-10-06,40.739227,86.488914,71.375999,73.139503,989.580017,147.19072
2017-10-09,40.813293,86.033806,68.587997,74.556,990.98999,144.867004
2017-10-10,41.644543,86.676331,71.117996,77.888947,987.200012,146.984573
2017-10-11,41.15073,86.417534,70.919998,79.370262,995,147.921539
2017-10-12,40.926277,85.659027,71.136002,79.712799,1000.929993,147.312531
2017-10-13,40.926277,85.54303,71.113998,80.194244,1002.940002,149.77681
2017-10-16,41.017719,87.309898,70.120003,79.379524,1006.340027,148.802322
2017-10-17,40.826519,87.113594,71.150002,79.601715,1009.130005,148.399414
2017-10-18,41.142418,87.443779,71.93,79.823921,997,147.621704
2017-10-19,40.893021,87.550858,70.362,79.990562,986.609985,148.474411
2017-10-20,41.183983,88.800186,69.019997,80.953392,982.909973,150.638824
2017-10-23,40.635307,88.648476,67.403999,82.073639,966.299988,151.828781
2017-10-24,40.768314,90.058418,67.468002,81.453339,975.900024,152.063034
2017-10-25,40.893021,90.147659,65.167999,81.916245,972.909973,151.95993
2017-10-26,40.743382,90.790176,65.234001,82.045853,972.429993,152.222351
2017-10-27,40.884705,90.816933,64.174004,81.629242,1100.949951,152.147369
2017-10-30,40.518925,90.495689,64.015999,80.499748,1110.849976,150.132889
2017-10-31,40.543861,89.781784,66.306,80.833054,1105.280029,150.929276
2017-11-01,40.469048,90.058418,64.216003,81.416321,1103.680054,152.43782
2017-11-02,40.194695,90.656288,59.852001,82.212502,1094.219971,154.55542
2017-11-03,40.194695,90.495689,61.217999,83.027229,1111.599976,155.951508
2017-11-06,40.119881,89.933495,60.556,82.119926,1120.660034,154.649124
2017-11-07,39.945305,88.121971,61.209999,82.351379,1123.170044,155.80159
2017-11-08,40.194695,87.131432,60.877998,83.564201,1132.880005,158.397049
2017-11-09,40.469048,87.122513,60.598,83.601242,1129.130005,158.453293
2017-11-10,40.502296,87.015427,60.598,84.175224,1125.349976,160.561478
2017-11-13,40.119881,87.327736,63.080002,84.240059,1129.170044,160.655182
2017-11-14,40.169765,86.801239,61.740002,84.332626,1136.839966,160.636444
2017-11-15,40.261211,87.622246,62.259998,83.166107,1126.689941,158.35022
2017-11-16,40.128201,87.872124,62.5,92.229851,1137.290039,160.680817
2017-11-17,40.136509,87.577621,63.009998,90.239349,1129.880005,160.680817
2017-11-20,40.18639,88.353989,61.748001,90.248604,1126.310059,161.902512
2017-11-21,40.194695,88.282616,63.562,89.35981,1139.48999,162.973846
2017-11-22,40.884705,88.023788,62.52,89.257988,1156.160034,162.090454
2017-11-24,40.768314,87.738228,63.110001,89.452408,1186,161.282242
2017-11-27,40.768314,87.390228,63.362,89.452408,1195.829956,162.212631
2017-11-28,41.425068,90.451065,63.509998,89.591255,1193.599976,163.189987
2017-11-29,41.391823,92.565994,61.507999,90.322662,1161.27002,166.836288
2017-11-30,41.275429,93.27095,61.77,90.017159,1176.75,173.320633
2017-12-01,41.2006,93.511902,61.306,90.128242,1162.349976,173.97847
2017-12-04,41.017719,95.439445,61.040001,89.813469,1133.949951,178.141602
2017-12-05,40.801579,94.341827,60.740002,90.572647,1141.569946,176.506439
2017-12-06,40.360973,93.636856,62.652,90.063423,1152.349976,175.942581
2017-12-07,40.585426,93.360222,62.248001,90.072746,1159.790039,174.984009
2017-12-08,41.04266,94.529221,63.026001,89.858681,1162,176.741394
2017-12-11,41.732658,94.252579,65.781998,90.212357,1168.920044,177.483795
2017-12-12,42.023628,95.350197,68.206001,89.998283,1165.079956,176.95752
2017-12-13,42.763504,94.154427,67.806,90.984833,1164.130005,176.938705
2017-12-14,42.322903,93.395912,67.578003,90.398483,1174.26001,175.294128
2017-12-15,41.707722,94.716606,68.690002,90.379875,1179.140015,181.120667
2017-12-18,42.148323,95.448357,67.774002,91.115128,1190.579956,180.725967
2017-12-19,42.015316,95.046814,66.220001,91.952751,1187.380005,176.985703
2017-12-20,42.480858,94.716606,65.795998,91.906212,1177.619995,176.215149
2017-12-21,42.788452,96.224724,66.332001,91.264023,1174.76001,175.547882
2017-12-22,42.9464,95.885628,65.040001,91.403641,1168.359985,175.388123
2017-12-26,42.830006,95.5019,63.458,92.287804,1176.76001,175.312943
2017-12-27,42.796761,95.680374,62.327999,92.380875,1182.26001,175.077988
2017-12-28,42.830006,96.189026,63.071999,92.511169,1186.099976,175.378708
2017-12-29,42.929775,95.430519,62.27,91.906212,1169.469971,174.908844
2018-01-02,43.569897,96.331802,64.106003,91.757309,1189.01001,176.976318
2018-01-03,43.353752,96.429977,63.450001,92.557709,1204.199951,179.100189
2018-01-04,43.445198,97.811394,62.924,92.641464,1209.589966,177.709366
2018-01-05,43.370373,97.183487,63.316002,93.190552,1229.140015,176.440659
2018-01-08,43.021221,97.326988,67.281998,94.568016,1246.869995,177.126709
2018-01-09,43.353752,97.820366,66.737999,93.432533,1252.699951,175.068619
2018-01-10,44.825203,98.89679,66.959999,92.762459,1254.329956,174.251022
2018-01-11,45.141102,99.426033,67.589996,93.088196,1276.680054,177.972443
2018-01-12,45.581715,101.067596,67.244003,93.879295,1305.199951,180.284271
2018-01-16,45.639904,100.708763,68.012001,93.711769,1304.859985,179.992966
2018-01-17,46.238453,101.354622,69.431999,95.582451,1295,180.707199
2018-01-18,46.047253,101.596825,68.914001,97.071579,1293.319946,179.974182
2018-01-19,46.022308,101.372566,70.003998,97.341469,1294.579956,180.707199
2018-01-22,46.113762,102.556641,70.311996,98.141876,1327.310059,182.671265
2018-01-23,46.105442,102.449005,70.557999,98.560684,1362.540039,181.769135
2018-01-24,46.221821,103.758652,69.178001,98.458305,1357.51001,182.539703
2018-01-25,45.822788,103.785568,67.528,99.212158,1377.949951,186.02623
2018-01-26,46.072197,104.341713,68.57,100.87812,1402.050049,186.928406
2018-01-29,45.506893,104.234077,69.905998,101.957733,1417.680054,186.373978
2018-01-30,45.057972,103.25634,69.164001,100.26387,1437.819946,185.988647
2018-01-31,44.816887,103.758652,70.862,99.212158,1450.890015,183.131775
2018-02-01,44.999786,104.835075,69.849998,98.207001,1390,181.816101
2018-02-02,44.301464,102.511795,68.75,97.239098,1429.949951,179.485489
2018-02-05,42.87989,97.596107,66.625999,93.153336,1390,171.760635
2018-02-06,43.52002,100.565247,66.793999,93.907204,1442.839966,173.865723
2018-02-07,43.012913,101.247002,69,95.722061,1416.780029,172.155289
2018-02-08,42.273022,96.770851,63.046001,93.088196,1350.5,167.851212
2018-02-09,42.721939,98.708405,62.084,92.483246,1339.599976,169.834137
2018-02-12,42.713631,100.233353,63.146,92.65078,1386.22998,170.153656
2018-02-13,42.963024,100.85231,64.732002,93.981674,1414.51001,173.05751
2018-02-14,44.226643,103.184555,64.461998,94.651749,1451.050049,176.064758
2018-02-15,44.683876,103.615128,66.814003,96.075737,1461.76001,180.42749
2018-02-16,44.750378,102.870605,67.098,97.518303,1448.689941,180.502884
2018-02-20,43.245674,102.897507,66.954002,87.587784,1468.349976,177.261429
2018-02-21,43.378696,103.328102,66.660004,85.177299,1482.920044,175.028244
2018-02-22,43.302338,103.139717,69.234001,86.340637,1485.339966,175.819794
2018-02-23,43.463528,105.229774,70.410004,86.452347,1500,178.853897
2018-02-26,43.40414,106.539421,71.484001,86.666397,1521.949951,181.680725
2018-02-27,42.555748,105.274628,70.197998,85.177299,1511.97998,179.127182
2018-02-28,42.106094,103.606171,68.612,83.771935,1512.449951,179.880981
2018-03-01,42.080635,101.749321,66.185997,82.906403,1493.449951,178.118927
2018-03-02,41.978825,101.650642,67.024002,82.617867,1500.25,178.401566
2018-03-05,41.834602,103.211472,66.669998,83.744011,1523.609985,180.42749
2018-03-06,41.89399,103.301178,65.639999,82.887756,1537.640015,180.408676
2018-03-07,41.775219,102.915459,66.459999,81.659256,1545,176.545303
2018-03-08,41.647957,102.924408,65.82,82.314621,1551.859985,174.97171
2018-03-09,42.038216,105.884605,65.433998,83.063622,1578.890015,177.694885
2018-03-12,41.90247,105.543732,69.101997,82.455055,1598.390015,178.439285
2018-03-13,41.605534,104.278923,68.367996,82.67041,1588.180054,176.639526
2018-03-14,41.342529,103.112793,65.325996,82.080559,1591,173.972916
2018-03-15,41.783699,103.372932,65.120003,81.930771,1582.319946,174.802109
2018-03-16,42.072147,103.552353,64.269997,83.484924,1571.680054,175.141312
2018-03-19,41.936409,102.736061,62.712002,81.874596,1544.930054,173.52063
2018-03-20,41.944889,102.834709,62.110001,82.342705,1586.51001,176.535889
2018-03-21,41.860058,102.924408,63.306,82.55806,1581.859985,175.329758
2018-03-22,40.74865,98.62767,61.82,81.584351,1544.920044,172.097748
2018-03-23,40.129318,95.990433,60.307999,79.974014,1495.560059,170.401672
2018-03-26,40.926807,98.950615,60.835999,81.921394,1555.859985,176.413406
2018-03-27,40.392319,97.030991,55.835999,80.563858,1497.050049,172.578308
2018-03-28,40.494129,96.878487,51.556,82.174187,1431.420044,173.011749
2018-03-29,40.443226,98.64563,53.226002,83.297684,1447.339966,177.553543
2018-04-02,40.163258,96.743935,50.495998,80.095726,1371.98999,172.201416
2018-04-03,40.25658,98.071548,53.506001,81.266029,1392.050049,172.069473
2018-04-04,40.383839,99.560585,57.388,81.659248,1410.569946,174.811508
2018-04-05,40.502613,100.867859,61.144001,82.211639,1451.75,175.499405
2018-04-06,40.019024,98.35247,59.860001,81.163048,1405.22998,173.341583
2018-04-09,40.494129,99.533539,57.931999,80.779182,1406.079956,173.765594
2018-04-10,40.943779,101.435852,60.939999,80.938347,1436.219971,172.955261
2018-04-11,41.062561,99.731888,60.186001,80.432777,1427.050049,173.991745
2018-04-12,41.656437,102.21122,58.816002,79.983368,1448.5,177.921051
2018-04-13,41.681892,99.443398,60.068001,80.535759,1430.790039,178.005844
2018-04-16,41.351017,99.362244,58.242001,81.303459,1441.5,183.348557
2018-04-17,41.435856,99.362244,57.537998,82.295906,1503.829956,184.686615
2018-04-18,41.206783,98.559845,58.669998,81.986946,1527.839966,185.167145
2018-04-19,41.919437,100.723602,60.015999,82.286537,1556.910034,183.810303
2018-04-20,42.09761,100.49823,58.048,81.43457,1527.48999,182.387451
2018-04-23,42.377583,100.011391,56.674,80.610649,1517.859985,182.189545
2018-04-24,42.403034,99.542557,56.692001,81.013245,1460.089966,181.398056
2018-04-25,42.521805,99.16391,56.138,81.612434,1460.170044,182.773773
2018-04-26,42.386063,99.263062,57.096001,82.333359,1517.959961,183.989319
2018-04-27,42.615128,98.631981,58.816002,81.724785,1572.619995,185.233109
2018-04-30,42.640583,98.072998,58.779999,82.820198,1566.130005,185.779602
2018-05-01,42.530285,98.072998,59.984001,81.837128,1582.26001,185.204865
2018-05-02,42.386063,97.297638,60.23,80.835358,1569.680054,182.802048
2018-05-03,42.284256,96.684563,56.889999,80.732368,1572.079956,181.869186
2018-05-04,41.55463,97.757431,58.818001,81.949493,1580.949951,183.923309
2018-05-07,41.393433,98.604912,60.554001,80.020828,1600.140015,181.916306
2018-05-08,41.25769,100.065468,60.394001,80.273613,1592.390015,183.254333
2018-05-09,42.029736,102.247276,61.369999,77.764481,1608,184.724289
2018-05-10,42.360611,103.040657,61.004002,77.905815,1609.079956,184.705353
2018-05-11,42.572712,102.652992,60.212002,78.55587,1602.910034,184.998352
2018-05-14,42.606644,102.689049,58.394001,79.507423,1601.540039,185.111771
2018-05-15,42.581196,101.904671,56.835999,79.629921,1576.119995,184.733749
2018-05-16,42.68301,102.184158,57.296001,81.146782,1587.280029,187.786179
2018-05-17,42.537327,101.841553,56.908001,79.601646,1581.76001,188.627258
2018-05-18,42.657295,100.191696,55.363998,78.800827,1574.369995,188.022446
2018-05-21,42.82011,101.111305,56.897999,79.620506,1585.459961,188.646118
2018-05-22,43.282841,101.88665,55.001999,78.546448,1581.400024,188.031876
2018-05-23,42.640156,101.417816,55.813999,78.207298,1601.859985,187.247513
2018-05-24,42.271683,100.281837,55.57,78.056541,1603.069946,187.956284
2018-05-25,42.108868,99.767952,55.77,77.689102,1610.150024,187.455399
2018-05-29,41.269081,95.503502,56.751999,77.632591,1612.869995,185.9245
2018-05-30,41.680416,97.68531,58.344002,79.253067,1624.890015,188.665054
2018-05-31,41.457619,96.477211,56.945999,77.764473,1629.619995,187.34201
2018-06-01,41.791805,97.730392,58.363998,78.188438,1641.540039,186.292999
2018-06-04,42.057453,97.775467,59.348,80.477844,1665.27002,187.701111
2018-06-05,41.748966,97.225502,58.226002,79.724144,1696.349976,186.96402
2018-06-06,42.288822,99.497475,63.900002,79.66761,1695.75,186.79393
2018-06-07,42.263115,99.894165,63.217999,80.035042,1689.300049,191.434006
2018-06-08,42.314529,100.17366,63.532001,79.479172,1683.98999,192.558578
2018-06-11,42.237408,99.921219,66.419998,79.422653,1689.119995,193.257874
2018-06-12,42.211697,99.344208,68.554001,79.234215,1698.75,193.617004
2018-06-13,42.245972,99.145859,68.956001,79.224792,1704.859985,192.889313
2018-06-14,42.126003,97.396812,71.543999,78.942154,1723.859985,193.843796
2018-06-15,41.569012,97.279602,71.634003,78.857361,1715.969971,195.922867
2018-06-18,41.569012,97.532051,74.166,78.197861,1723.790039,194.873886
2018-06-19,41.209106,96.964058,70.510002,78.772568,1734.780029,196.121307
2018-06-20,41.34621,96.955032,72.444,78.772568,1750.079956,196.54657
2018-06-21,40.634972,96.928009,69.501999,79.33786,1730.219971,198.417755
2018-06-22,41.089142,95.341225,66.725998,79.91256,1715.670044,199.495056
2018-06-25,40.41217,94.475723,66.601997,81.467102,1663.150024,200.109329
2018-06-26,40.703522,94.538834,68.400002,81.005447,1691.089966,198.540588
2018-06-27,39.906593,93.07827,68.900002,81.862793,1660.51001,198.483871
2018-06-28,40.223644,94.601936,69.986,80.892395,1701.449951,197.23645
2018-06-29,40.395039,93.943787,68.589996,80.694527,1699.800049,197.491608
2018-07-02,39.863747,94.73716,67.014,79.140007,1713.780029,196.556015
2018-07-03,40.043701,93.411858,62.172001,79.554558,1693.959961,195.733826
2018-07-05,40.369328,94.019203,61.832001,79.67704,1699.72998,197.642807
2018-07-06,40.395039,94.3274,61.779999,79.620506,1710.630005,198.09642
2018-07-09,41.003445,97.246239,63.702,80.958336,1739.02002,199.343872
2018-07-10,40.660679,96.647972,64.494003,82.164268,1743.069946,200.062042
2018-07-11,40.077976,96.439476,63.792,81.523621,1755,199.353271
2018-07-12,40.746368,96.856453,63.341999,81.514206,1796.619995,202.254562
2018-07-13,40.652111,96.412285,63.773998,82.625931,1813.030029,204.635986
2018-07-16,40.703522,100.237587,62.02,82.569405,1822.48999,203.03891
2018-07-17,40.309338,100.165085,64.538002,83.087585,1843.930054,203.180649
2018-07-18,40.643547,101.098732,64.769997,82.974518,1842.920044,203.152298
2018-07-19,40.395039,99.612122,64.045998,82.644768,1812.969971,205.581009
2018-07-20,40.600697,100.872131,62.716,82.965103,1813.699951,206.667801
2018-07-23,40.952034,102.748505,60.639999,82.559982,1802,206.809509
2018-07-24,41.483318,103.473701,59.486,82.870872,1829.23999,206.563828
2018-07-25,41.560448,104.407364,61.748001,82.814362,1863.609985,208.567307
2018-07-26,41.16626,104.108223,61.330002,83.125259,1808,209.531219
2018-07-27,41.311935,105.177872,59.436001,83.031052,1817.27002,207.575012
2018-07-30,41.277657,105.812386,58.034,83.737656,1779.219971,207.064697
2018-07-31,41.491886,104.198875,59.627998,84.067421,1777.439941,206.686661
2018-08-01,40.626404,104.842476,60.167999,83.134697,1797.170044,205.193558
2018-08-02,39.940872,105.286636,69.907997,83.624603,1834.329956,208.964249
2018-08-03,40.437881,106.138725,69.634003,84.415993,1823.290039,209.824173
2018-08-06,39.778053,106.165916,68.398003,84.481964,1847.75,210.476273
2018-08-07,40.052277,106.555702,75.914001,84.576164,1862.47998,211.553589
2018-08-08,40.403603,106.773262,74.068001,84.839973,1886.52002,212.234024
2018-08-09,40.249363,105.948372,70.489998,84.347198,1898.52002,206.242569
2018-08-10,39.752346,104.90593,71.098,85.45591,1886.300049,208.198761
2018-08-13,39.40958,103.238007,71.281998,84.944191,1896.199951,207.48999
2018-08-14,39.435295,103.926926,69.528,86.09082,1919.650024,209.795868
2018-08-15,38.792599,103.065781,67.737999,85.493813,1882.619995,209.483978
2018-08-16,39.061214,104.03569,67.089996,93.472725,1886.52002,210.920425
2018-08-17,38.922581,104.03569,61.099998,92.724129,1882.219971,213.273529
2018-08-20,39.035217,103.89975,61.688,90.971039,1876.709961,214.851746
2018-08-21,39.069878,104.534264,64.379997,91.046852,1883.420044,215.976318
2018-08-22,39.156525,104.217018,64.328003,90.658325,1904.900024,216.609482
2018-08-23,38.541317,103.999435,64.019997,90.193977,1902.900024,216.89296
2018-08-24,38.575981,103.954132,64.564003,89.976028,1905.390015,218.565689
2018-08-27,39.27784,105.794266,63.854,89.587517,1927.680054,217.384384
2018-08-28,38.91391,105.277565,62.372002,91.037369,1932.819946,217.601761
2018-08-29,39.069878,104.933121,61.001999,90.629898,1998.099976,217.535599
2018-08-30,38.420017,104.416428,60.630001,91.065788,2002.380005,218.681931
2018-08-31,38.134071,103.86348,60.332001,90.838379,2012.709961,220.860886
2018-09-04,38.212055,104.380157,57.790001,90.364571,2039.51001,222.329315
2018-09-05,37.934776,103.872536,56.147999,91.558556,1994.819946,223.210388
2018-09-06,37.518867,103.428368,56.189999,91.397461,1958.310059,224.224014
2018-09-07,37.102955,103.627808,52.647999,90.809944,1952.069946,228.752502
2018-09-10,37.180935,103.074852,57.099998,91.823898,1939.01001,230.381973
2018-09-11,37.094292,103.727501,55.888,91.577499,1987.150024,231.357758
2018-09-12,37.198269,102.503769,58.108002,90.942612,1990,229.680923
2018-09-13,37.787483,102.902611,57.891998,90.137138,1989.869995,228.572479
2018-09-14,37.735485,102.884491,59.040001,89.634872,1970.189941,222.992477
2018-09-17,37.718159,103.192688,58.967999,89.852852,1908.030029,219.790329
2018-09-18,37.510201,103.609673,56.992001,90.430893,1941.050049,222.016693
2018-09-19,38.290039,106.619156,59.804001,90.250862,1926.420044,221.542984
2018-09-20,38.809929,107.534683,59.666,90.734131,1944.300049,221.609299
2018-09-21,38.922581,106.827644,59.82,90.876274,1915.01001,222.40506
2018-09-24,38.688622,105.803322,59.936001,89.947609,1934.359985,221.059814
2018-09-25,38.783936,105.504189,60.198002,90.118187,1974.550049,220.671387
2018-09-26,38.905247,104.262329,61.916,89.634872,1974.849976,221.505081
2018-09-27,38.887917,103.80909,61.504002,89.199005,2012.97998,221.685089
2018-09-28,38.116749,102.286201,52.953999,88.990524,2003,222.518814
2018-10-01,38.220726,102.884491,62.139999,89.454849,2004.359985,222.300888
2018-10-02,37.778809,103.310547,60.203999,90.165573,1971.310059,223.911392
2018-10-03,38.264046,104.280457,58.959999,89.142143,1952.76001,220.927216
2018-10-04,38.298698,105.220665,56.366001,89.274803,1909.420044,219.487198
2018-10-05,37.969437,104.627335,52.389999,88.421951,1889.650024,207.304001
2018-10-08,37.744156,105.266289,50.112,89.72966,1864.420044,212.14502
2018-10-09,37.692169,104.536057,52.560001,91.994461,1870.319946,212.372437
2018-10-10,37.406219,101.751938,51.375999,90.743607,1755.25,209.416611
2018-10-11,36.626011,98.703125,50.445999,88.999992,1719.359985,210.146133
2018-10-12,36.801334,97.626007,51.756001,89.843361,1788.609985,215.006134
2018-10-15,36.608479,97.069176,51.917999,88.905243,1760.949951,212.69455
2018-10-16,36.582188,99.150398,55.318001,90.790977,1819.959961,215.697693
2018-10-17,36.406853,100.254913,54.355999,91.501701,1831.72998,216.465088
2018-10-18,35.19709,98.666611,52.782001,91.132126,1770.719971,216.550308
2018-10-19,35.468853,98.502319,52,92.060791,1764.030029,217.582993
2018-10-22,35.372417,97.087433,52.189999,92.051315,1789.300049,217.005066
2018-10-23,34.539612,96.074203,58.827999,92.676758,1768.699951,216.711426
2018-10-24,33.812,94.285088,57.700001,92.449303,1664.199951,211.984009
2018-10-25,34.311687,95.718216,62.972,93.984444,1782.170044,214.485046
2018-10-26,33.8909,94.40377,66.18,93.757027,1642.810059,206.707123
2018-10-29,35.223389,95.709076,66.970001,94.571968,1538.880005,210.714539
2018-10-30,35.652943,97.397789,65.980003,97.054718,1530.420044,215.92511
2018-10-31,36.021133,99.515526,67.463997,95.026825,1598.01001,216.597687
2018-11-01,36.433155,99.479019,68.856003,95.311119,1665.530029,217.516663
2018-11-02,36.783806,98.931328,69.281998,96.031296,1665.530029,218.04718
2018-11-05,36.555885,99.579437,68.279999,97.519051,1627.800049,222.111404
2018-11-06,36.634785,100.044968,68.211998,97.917046,1642.810059,224.252502
2018-11-07,37.064335,101.761078,69.632004,98.855186,1755.48999,227.719849
2018-11-08,36.757507,102.582603,70.279999,99.385849,1754.910034,226.675262
2018-11-09,36.143864,101.587639,70.101997,100.030243,1712.430054,225.763641
2018-11-12,35.83704,99.451645,66.255997,98.428772,1636.849976,222.667862
2018-11-13,36.634785,100.035843,67.746002,97.547485,1631.170044,222.344986
2018-11-14,36.617252,97.972878,68.800003,96.211342,1599.01001,221.556808
2018-11-15,37.169533,100.473991,69.688004,94.325592,1619.439941,218.356583
2018-11-16,37.02927,100.400978,70.862,92.572517,1593.410034,219.382141
2018-11-19,36.739975,101.167747,70.694,91.710182,1512.290039,217.217026
2018-11-20,35.986061,98.995224,69.498001,89.227425,1495.459961,208.262054
2018-11-21,36.704914,98.255844,67.638,89.2369,1516.72998,207.559341
2018-11-23,36.59095,97.352158,65.166,90.118187,1502.060059,208.974289
2018-11-26,37.84454,99.734612,69.199997,90.165573,1581.329956,208.39502
2018-11-27,37.564018,100.15451,68.783997,90.061333,1581.420044,211.77565
2018-11-28,37.932205,101.268158,69.573997,92.354553,1677.75,218.736435
2018-11-29,37.528957,100.464859,68.234001,92.193459,1673.569946,219.363159
2018-11-30,37.292259,101.496361,70.096001,92.534592,1690.170044,219.629059
2018-12-03,38.107533,102.454819,71.697998,93.576973,1772.359985,220.388763
2018-12-04,37.301025,97.881584,71.940002,90.790977,1668.400024,214.947433
2018-12-06,35.951004,96.019455,72.612,90.295532,1699.189941,221.452332
2018-12-07,35.810734,94.285088,71.594002,88.790146,1629.130005,213.532471
2018-12-10,35.425018,92.523346,73.029999,89.50473,1641.030029,211.443298
2018-12-11,35.293518,91.619652,73.351997,89.418968,1643.23999,215.089874
2018-12-12,36.249054,92.212982,73.32,88.713928,1663.540039,216.324356
2018-12-13,36.222763,92.304276,75.358002,88.570992,1658.380005,215.099365
2018-12-14,35.854576,91.546623,73.141998,87.51339,1591.910034,196.62915
2018-12-17,35.679245,90.37822,69.683998,86.484406,1520.910034,192.04248
2018-12-18,35.758144,89.949196,67.405998,86.779762,1551.47998,192.764206
2018-12-19,35.363655,88.808167,66.594002,86.27478,1495.079956,191.263779
2018-12-20,35.924698,88.041397,63.076,83.159164,1460.829956,187.199417
2018-12-21,35.556519,85.960175,63.953999,83.016258,1377.449951,184.720886
2018-12-24,35.389954,84.10714,59.077999,81.768097,1343.959961,180.419083
2018-12-26,36.143864,87.594109,65.218002,86.141396,1470.900024,188.623856
2018-12-27,35.679245,88.579956,63.226002,87.265686,1461.640015,190.950409
2018-12-28,36.003597,88.388283,66.774002,87.780182,1478.02002,191.862061
2018-12-31,36.038662,89.109406,66.559998,88.752037,1501.969971,193.447937
2019-01-02,35.83704,90.652061,62.023998,88.933052,1539.130005,194.445023
2019-01-03,35.442554,89.363747,60.071999,88.475723,1500.280029,190.323669
2019-01-04,36.47699,92.658173,63.537998,89.028336,1575.390015,195.850479
2019-01-07,35.986061,92.722588,66.991997,90.076401,1629.51001,196.572235
2019-01-08,36.0825,92.547729,67.07,90.705231,1656.579956,198.044113
2019-01-09,36.327953,92.391304,67.706001,90.409874,1659.420044,199.326096
2019-01-10,36.406853,92.382095,68.994003,90.47657,1656.219971,200.028793
2019-01-11,36.310425,91.940384,69.452003,90.362228,1640.560059,199.90538
2019-01-14,35.924698,92.888237,66.879997,90.467033,1617.209961,198.471436
2019-01-15,36.135098,93.569206,68.886002,91.705666,1674.560059,200.399185
2019-01-16,36.415623,94.323784,69.209999,91.800941,1683.780029,199.59198
2019-01-17,36.371796,94.710281,69.461998,92.172523,1693.219971,200.807495
2019-01-18,36.748745,96.24707,60.452,93.115776,1696.199951,202.830215
2019-01-22,36.275356,94.728691,59.784,92.887123,1632.170044,201.700195
2019-01-23,36.503284,94.489441,57.518002,94.049515,1640.02002,201.405777
2019-01-24,36.301655,94.544632,58.301998,93.716034,1654.930054,199.715439
2019-01-25,36.696148,95.142776,59.408001,92.363075,1670.569946,198.537918
2019-01-28,36.485752,95.593704,59.276001,92.477425,1637.890015,200.152267
2019-01-29,36.889008,95.86058,59.492001,92.143944,1593.880005,199.715439
2019-01-30,37.239666,96.081421,61.754002,90.324127,1670.430054,200.703079
2019-01-31,36.932838,95.244026,61.403999,91.305496,1718.72998,203.817825
2019-02-01,36.564651,95.593704,62.442001,89.428505,1626.22998,199.67746
2019-02-04,36.792576,95.934204,62.577999,90.295532,1633.310059,200.541595
2019-02-05,37.116936,95.510895,64.269997,91.086349,1658.810059,200.949951
2019-02-06,36.90654,95.464874,63.444,91.124466,1640.26001,200.940491
2019-02-07,36.661079,94.213364,61.501999,92.16301,1614.369995,199.05513
2019-02-08,36.599716,93.274727,61.16,91.067299,1588.219971,197.817245
2019-02-11,36.538349,92.833008,62.568001,91.65802,1591,198.740891
2019-02-12,36.90654,94.41581,62.362,92.39167,1638.01001,201.76889
2019-02-13,37.10817,94.866714,61.633999,93.31588,1640,202.625854
2019-02-14,37.14323,94.250168,60.754002,93.868492,1622.650024,203.616104
2019-02-15,37.520187,97.130501,61.576,95.269089,1607.949951,206.120331
2019-02-19,36.39809,96.790001,61.127998,97.374733,1627.579956,207.691467
2019-02-20,36.932838,97.259338,60.512001,95.164268,1622.099976,206.729782
2019-02-21,36.690094,97.056877,58.245998,94.697426,1619.439941,204.939682
2019-02-22,36.600193,96.624367,58.942001,94.849869,1631.560059,205.948975
2019-02-25,36.492306,97.63662,59.754002,94.440163,1633,206.672638
2019-02-26,36.645142,96.891235,59.571999,94.030464,1636.400024,207.205902
2019-02-27,36.977795,96.771614,62.948002,93.477844,1641.089966,207.624817
2019-02-28,36.708076,96.035439,63.976002,94.316284,1639.829956,208.28183
2019-03-01,36.510288,96.099823,58.958,93.306358,1671.72998,208.94838
2019-03-04,36.573219,95.87899,57.071999,93.230125,1696.170044,207.967636
2019-03-05,36.860916,95.805367,55.307999,93.696991,1692.430054,209.310211
2019-03-06,36.833942,95.446472,55.248001,93.620766,1668.949951,208.748444
2019-03-07,36.744038,94.756294,55.318001,92.849007,1625.949951,206.425064
2019-03-08,36.744038,94.793098,56.827999,92.982391,1620.800049,216.92775
2019-03-11,36.869904,96.026222,58.183998,93.830383,1670.619995,218.708328
2019-03-12,36.923843,95.740952,56.672001,93.725586,1673.099976,221.82196
2019-03-13,36.9688,96.063026,57.792,94.354416,1690.810059,225.07843
2019-03-14,36.986782,96.937256,57.992001,94.086197,1686.219971,222.659897
2019-03-15,37.229523,98.050743,55.085999,94.277771,1712.359985,222.431381
2019-03-18,37.337406,98.639694,53.897999,95.465591,1742.150024,225.278427
2019-03-19,37.202557,98.280792,53.493999,95.647591,1761.849976,225.716446
2019-03-20,37.049709,96.182648,54.720001,94.48851,1797.27002,225.649734
2019-03-21,36.923843,94.664276,54.804001,94.890823,1819.26001,228.087372
2019-03-22,36.339466,91.802353,52.905998,94.143677,1764.77002,226.202057
2019-03-25,36.348457,91.038567,52.084,94.0383,1774.26001,225.640274
2019-03-26,36.483315,91.9496,53.554001,94.181984,1783.76001,227.639847
2019-03-27,36.546253,91.636719,54.966,93.118706,1765.699951,227.963577
2019-03-28,36.42038,92.676575,55.723999,93.042068,1773.420044,229.687042
2019-03-29,36.483315,93.155098,55.972,93.42524,1780.75,230.563049
2019-04-01,37.544186,96.293091,57.835999,93.703018,1814.189941,232.515045
2019-04-02,37.894817,96.753189,57.175999,92.860069,1813.97998,229.001465
2019-04-03,38.254433,96.946442,58.362,93.099541,1820.699951,230.886826
2019-04-04,38.029671,97.882996,53.556,93.980827,1818.859985,232.715027
2019-04-05,38.191505,97.651184,54.992001,94.670525,1837.280029,234.114731
2019-04-08,38.263432,97.966461,54.639999,95.053696,1849.859985,234.733658
2019-04-09,38.326363,97.243172,54.462002,94.536415,1835.839966,233.200623
2019-04-10,38.245445,97.678986,55.212002,95.408112,1847.329956,233.867172
2019-04-11,38.290398,98.504272,53.683998,96.55761,1844.069946,229.7061
2019-04-12,38.694973,103.122086,53.540001,97.285622,1843.060059,230.382156
2019-04-15,38.560112,101.94445,53.276001,98.119003,1844.869995,234.552765
2019-04-16,38.955696,103.020088,54.672001,98.597969,1863.040039,233.610077
2019-04-17,39.072567,105.987366,54.245998,98.818298,1864.819946,233.819565
2019-04-18,38.88377,105.20845,54.652,98.837433,1861.689941,234.057587
2019-04-22,38.856796,105.338272,52.549999,98.061539,1887.310059,231.78186
2019-04-23,38.793865,105.468094,52.779999,98.732071,1923.77002,233.838593
2019-04-24,38.506172,105.291916,51.731998,99.172714,1901.75,236.104782
2019-04-25,38.44323,105.347542,49.526001,99.163124,1902.25,233.857651
2019-04-26,38.721939,106.145004,47.028,97.256874,1950.630005,232.162735
2019-04-29,38.928722,107.675011,48.293999,97.285622,1938.430054,232.600739
2019-04-30,39.171463,107.6101,47.737999,98.511749,1926.52002,233.791016
2019-05-01,38.838814,106.784828,46.801998,97.094032,1911.52002,230.039352
2019-05-02,39.081558,107.016647,48.82,96.892876,1900.819946,231.086761
2019-05-03,40.187389,107.675011,51.006001,97.78373,1962.459961,232.9245
2019-05-06,39.369251,106.719917,51.068001,98.147743,1950.550049,232.553116
2019-05-07,38.793865,104.976639,49.411999,97.036575,1921,228.696762
2019-05-08,38.51516,104.42028,48.967999,96.078659,1917.77002,229.8013
2019-05-09,38.461216,104.336815,48.396,95.857155,1899.869995,232.455551
2019-05-10,38.533142,104.327553,47.903999,98.139481,1889.97998,235.844925
2019-05-13,37.822891,101.490089,45.402,96.194206,1822.680054,230.975647
2019-05-14,37.894817,102.296822,46.462002,96.579407,1840.119995,231.749023
2019-05-15,38.263432,101.907364,46.389999,96.184586,1871.150024,233.601257
2019-05-16,38.418079,103.214828,45.666,97.561676,1907.569946,236.245941
2019-05-17,37.85405,102.714104,42.206001,97.128326,1869,237.114746
2019-05-20,37.681198,103.251907,41.071999,97.763901,1858.969971,237.639893
2019-05-21,37.917725,103.604279,41.015999,97.378708,1857.52002,238.623291
2019-05-22,37.935925,102.76046,38.546001,98.447632,1859.680054,238.22229
2019-05-23,38.035995,100.739006,39.098,98.091316,1815.47998,237.286621
2019-05-24,38.208843,101.731178,38.125999,98.871353,1823.280029,236.112259
2019-05-28,37.808559,100.627716,37.740002,98.6306,1836.430054,235.167068
2019-05-29,37.808559,100.349548,37.972,98.341713,1819.189941,229.8013
2019-05-30,37.562931,99.273918,37.644001,98.409126,1816.319946,230.612854
2019-05-31,37.08987,98.253906,37.032001,97.686867,1775.069946,228.741501
2019-06-03,37.153553,98.717545,35.793999,98.18763,1692.689941,230.164124
2019-06-04,37.471954,101.758995,38.720001,98.765419,1729.560059,234.498718
2019-06-05,37.426472,102.120636,39.318001,100.556602,1738.5,236.742432
2019-06-06,37.462864,102.343178,41.189999,101.221077,1754.359985,239.845383
2019-06-07,37.717587,101.221191,40.900002,102.135925,1804.030029,244.428253
2019-06-10,37.88134,102.315376,42.576,103.541908,1860.630005,245.230255
2019-06-11,37.981411,102.630638,43.419998,103.946381,1863.699951,245.478485
2019-06-12,37.499252,101.323189,41.852001,104.793808,1855.319946,245.593079
2019-06-13,37.344593,101.57354,42.782001,104.630104,1870.300049,247.960876
2019-06-14,37.080772,101.833183,42.984001,105.034576,1869.670044,248.380936
2019-06-17,36.971603,101.276825,45.006001,105.121231,1886.030029,249.603043
2019-06-18,37.517452,102.65847,44.948002,105.593109,1901.369995,250.853775
2019-06-19,37.681198,101.916656,45.285999,105.564209,1908.790039,251.732147
2019-06-20,37.890438,102.176285,43.924,106.238312,1918.189941,255.255264
2019-06-21,37.390083,101.480827,44.372002,107.018349,1911.300049,254.090408
2019-06-24,37.353695,100.757545,44.728001,107.124268,1913.900024,254.701416
2019-06-25,37.280914,99.923004,43.952,106.623512,1878.27002,254.309982
2019-06-26,37.444672,100.590637,43.854,106.084244,1897.829956,252.448227
2019-06-27,37.6721,100.924438,44.568001,106.026459,1904.280029,253.565308
2019-06-28,37.972313,103.669189,44.692001,106.402023,1893.630005,252.305008
2019-07-01,38.09058,105.412453,45.433998,106.527222,1922.189941,251.627121
2019-07-02,38.281628,105.523727,44.91,107.470955,1934.310059,253.460281
2019-07-03,38.29982,105.355644,46.98,108.164322,1939,256.964264
2019-07-05,38.281628,105.981308,46.619999,107.836906,1942.910034,256.114471
2019-07-08,38.035995,105.402336,46.068001,108.54953,1952.319946,257.212433
2019-07-09,38.063286,105.850586,46.012001,108.703606,1988.300049,257.756683
2019-07-10,37.890438,105.542419,47.784,108.799904,2017.410034,259.141144
2019-07-11,37.935925,106.550957,47.720001,109.705132,2001.069946,264.02951
2019-07-12,37.872246,107.67157,49.015999,110.359947,2011,266.798279
2019-07-15,37.935925,106.364189,50.700001,110.725906,2020.98999,267.886749
2019-07-16,37.753975,107.503487,50.476002,110.514038,2009.900024,267.953522
2019-07-17,37.508343,106.448235,50.972,110.359947,1992.030029,268.822388
2019-07-18,37.690296,107.083237,50.708,110.475517,1977.900024,270.111298
2019-07-19,37.608421,106.028,51.636002,109.685852,1964.52002,268.774658
2019-07-22,37.690296,106.709702,51.136002,108.645828,1985.630005,267.49527
2019-07-23,37.890438,108.661438,52.034,107.942825,1994.48999,267.428375
2019-07-24,37.380985,109.100327,52.976002,107.856155,2000.810059,268.125366
2019-07-25,37.217236,108.054428,45.764,108.068008,1973.819946,267.141998
2019-07-26,37.344593,108.530685,45.608002,108.838425,1943.050049,268.640961
2019-07-29,36.935211,108.185165,47.153999,108.116165,1912.449951,267.457031
2019-07-30,36.744171,107.94236,48.452,107.913933,1898.530029,266.855591
2019-07-31,36.534939,108.325249,48.321999,106.296089,1866.780029,263.160675
2019-08-01,36.134651,105.467705,46.77,105.333084,1855.319946,262.148651
2019-08-02,35.807144,105.458359,46.868,105.352356,1823.23999,260.172241
2019-08-05,34.56081,102.320671,45.664001,101.904808,1765.130005,253.106995
2019-08-06,34.861023,103.123772,46.150002,103.301163,1787.829956,257.126495
2019-08-07,34.815536,100.882553,46.683998,104.196754,1793.400024,261.890808
2019-08-08,34.888309,102.591476,47.66,105.019325,1832.890015,262.368225
2019-08-09,34.369766,102.479416,47.001999,103.819321,1807.579956,261.54715
2019-08-12,33.469131,100.555695,45.801998,101.825783,1784.920044,259.036102
2019-08-13,33.669266,102.105888,47,103.945137,1824.339966,263.762146
2019-08-14,32.750443,97.866264,43.924,102.77417,1762.959961,256.019012
2019-08-15,32.879593,98.239792,43.127998,109.05481,1776.119995,259.236572
2019-08-16,33.322418,100.593071,43.987999,109.345139,1792.569946,261.69989
2019-08-19,33.72834,101.498894,45.366001,110.138672,1816.119995,263.14151
2019-08-20,33.368542,100.21019,45.172001,108.435455,1801.380005,260.621033
2019-08-21,33.451572,100.490349,44.166,108.406418,1823.540039,263.208374
2019-08-22,33.396221,101.526901,44.43,108.299973,1804.660034,267.256592
2019-08-23,32.870369,99.005531,42.279999,107.254814,1749.619995,261.613953
2019-08-26,32.84269,99.799309,43,108.377373,1768.869995,265.862579
2019-08-27,32.80579,98.744072,42.816002,108.793526,1761.829956,279.152863
2019-08-28,32.778114,99.73394,43.118,109.083855,1764.25,281.167419
2019-08-29,33.174812,101.993828,44.341999,110.399963,1786.400024,283.779663
2019-08-30,33.119461,102.591476,45.122002,110.574165,1776.290039,282.04776
2019-09-03,33.101009,101.37748,45.001999,110.941902,1789.839966,279.45462
2019-09-04,33.875946,102.60083,44.136002,112.170944,1800.619995,283.349091
2019-09-05,33.949745,104.935417,45.916,111.71611,1840.719971,284.162415
2019-09-06,34.042007,105.159538,45.490002,111.029007,1833.51001,290.659668
2019-09-09,34.549408,107.764946,46.358002,112.577385,1831.349976,286.104889
2019-09-10,35.167511,109.137688,47.108002,112.306427,1820.550049,284.191101
2019-09-11,35.610336,109.436516,49.419998,112.27739,1822.98999,278.15329
2019-09-12,35.739494,110.108879,49.174,113.148354,1843.550049,277.387817
2019-09-13,36.108513,112.275383,49.040001,113.641907,1839.339966,279.311127
2019-09-16,35.416599,111.276176,48.562,111.841911,1807.839966,276.239594
2019-09-17,35.333569,110.725212,48.958,112.751579,1822.550049,278.842285
2019-09-18,35.241318,111.836479,48.698002,113.38063,1817.459961,279.818268
2019-09-19,35.268993,111.481621,49.32,113.33223,1821.5,275.416595
2019-09-20,35.204411,111.033386,48.124001,113.206421,1794.160034,274.010071
2019-09-23,35.158287,111.014702,48.245998,113.825768,1785.300049,275.167816
2019-09-24,34.973778,109.567261,44.641998,114.580612,1741.609985,275.493164
2019-09-25,35.038353,110.192932,45.740002,114.648354,1768.329956,276.067291
2019-09-26,35.149059,109.287094,48.512001,114.483841,1739.839966,275.828125
2019-09-27,35.185963,109.93145,48.425999,114.629005,1725.449951,273.617706
2019-09-30,35.305893,109.903427,48.174,114.851585,1735.910034,275.68454
2019-10-01,34.92765,107.905029,48.938,114.048363,1735.650024,271.684784
2019-10-02,34.254192,105.757187,48.625999,112.374176,1713.22998,272.813965
2019-10-03,34.457146,105.606583,46.605999,112.558044,1724.420044,276.536194
2019-10-04,34.327995,107.893997,46.285999,114.348366,1739.650024,279.091034
2019-10-07,34.281868,107.658653,47.543999,113.448364,1732.660034,280.755981
2019-10-08,33.839043,105.258293,48.009998,113.787071,1705.51001,279.301544
2019-10-09,34.069683,106.02076,48.905998,115.093521,1721.98999,284.095459
2019-10-10,34.509232,107.508049,48.948002,115.751587,1720.26001,284.325104
2019-10-11,35.725002,109.324783,49.577999,116.361259,1731.920044,284.765259
2019-10-14,35.762413,109.6166,51.391998,115.325768,1736.430054,284.68869
2019-10-15,36.099087,112.920631,51.577999,115.674164,1767.380005,285.52121
2019-10-16,36.155201,112.657074,51.950001,115.567719,1777.430054,285.894379
2019-10-17,36.351589,113.287743,52.394001,115.974174,1787.47998,289.358246
2019-10-18,36.220661,113.48542,51.389999,115.296745,1757.51001,289.798431
2019-10-21,36.613449,116.29998,50.700001,115.877388,1785.660034,288.095184
2019-10-22,36.669559,117.467201,51.116001,115.722557,1765.72998,287.033081
2019-10-23,36.809849,117.777847,50.936001,115.499969,1762.170044,284.497314
2019-10-24,36.903362,117.693115,59.936001,115.258041,1780.780029,284.238983
2019-10-25,36.959476,118.63443,65.625999,115.199974,1761.329956,283.712677
2019-10-28,35.622128,119.086281,65.542,115.374168,1777.079956,286.047455
2019-10-29,35.509907,119.010963,63.243999,113.370949,1762.709961,283.100281
2019-10-30,35.4725,118.352043,63.001999,114.290283,1779.98999,286.908691
2019-10-31,35.341568,117.589577,62.984001,113.477386,1776.660034,284.914001
2019-11-01,35.603424,120.300583,62.661999,113.825768,1791.439941,283.935913
2019-11-04,36.024269,121.260735,63.493999,113.777397,1804.660034,284.635956
2019-11-05,35.940098,121.524292,63.444,115.025772,1801.709961,286.899109
2019-11-06,36.005562,121.712547,65.316002,115.645134,1795.77002,289.190979
2019-11-07,35.949451,122.371475,67.108002,116.351585,1788.199951,292.681549
2019-11-08,35.762413,122.729187,67.428001,115.587067,1785.880005,290.197906
2019-11-11,35.266747,122.296158,69.017998,115.199974,1771.650024,288.490906
2019-11-12,35.238693,121.580772,69.986,115.277382,1778,288.164948
2019-11-13,34.509232,120.940666,69.222,117.077393,1753.109985,290.46637
2019-11-14,34.42506,121.053642,69.870003,116.758041,1754.599976,292.086975
2019-11-15,34.612099,121.929047,70.433998,115.035461,1739.48999,291.19516
2019-11-18,34.827202,122.955093,69.998001,116.370941,1752.530029,292.039032
2019-11-19,35.01424,122.917442,71.903999,116.022552,1752.790039,289.833496
2019-11-20,34.69627,122.023209,70.444,115.287079,1745.530029,288.232025
2019-11-21,34.453117,122.305573,70.966003,115.993507,1734.709961,287.944305
2019-11-22,34.780441,123.11512,66.608002,115.509651,1745.719971,287.023743
2019-11-25,35.154526,123.774033,67.267998,115.083839,1773.839966,286.774384
2019-11-26,35.098412,123.943474,65.783997,115.345139,1796.939941,288.874573
2019-11-27,35.182583,124.310608,66.258003,114.928993,1818.51001,288.414215
2019-11-29,34.845905,124.028183,65.987999,115.248352,1800.800049,287.503204
2019-12-02,34.42506,123.755234,66.973999,115.432228,1781.599976,285.182587
2019-12-03,33.976158,122.164391,67.239998,114.841904,1769.959961,283.533173
2019-12-04,34.10709,124.574142,66.606003,114.861259,1760.689941,284.348267
2019-12-05,34.013569,125.251923,66.073997,115.347313,1740.47998,281.068695
2019-12-06,34.481174,127.115707,67.178001,116.436028,1751.599976,282.842712
2019-12-09,34.443768,126.52269,67.905998,116.027756,1749.51001,283.044098
2019-12-10,34.331539,126.607407,69.767998,115.813896,1739.209961,283.638641
2019-12-11,34.752384,126.306175,70.540001,115.677803,1748.719971,283.178314
2019-12-12,35.4725,129.920853,71.935997,116.416588,1760.329956,285.134583
2019-12-13,35.940098,128.78186,71.678001,116.931801,1760.939941,279.88913
2019-12-16,36.39835,129.280746,76.300003,117.17482,1769.209961,281.452209
2019-12-17,36.389,130.071457,75.797997,117.89415,1790.660034,283.41803
2019-12-18,36.501228,129.939682,78.629997,116.513802,1784.030029,279.88913
2019-12-19,36.360947,129.290192,80.807999,116.727654,1792.280029,281.653564
2019-12-20,36.370296,129.186646,81.117996,116.931801,1786.5,282.727631
2019-12-23,36.267418,129.148972,83.844002,115.706963,1793,281.27005
2019-12-24,36.183254,129.506668,85.050003,116.173576,1789.209961,282.152313
2019-12-26,36.39835,130.880981,86.188004,116.183281,1868.77002,283.590668
2019-12-27,36.473171,130.975143,86.075996,116.251328,1869.800049,282.037201
2019-12-30,36.454464,130.495041,82.940002,116.066643,1846.890015,283.024933
2019-12-31,36.557339,131.219864,83.666,115.52227,1847.839966,281.855011
2020-01-02,36.819195,132.810715,86.052002,115.619484,1898.01001,279.52475
2020-01-03,36.248714,131.058075,88.601997,114.598801,1874.969971,279.754883
2020-01-06,36.127144,130.953857,90.307999,114.365501,1902.880005,279.831604
2020-01-07,35.855934,128.727585,93.811996,113.305931,1906.859985,279.390533
2020-01-08,35.771763,129.731781,98.428001,112.917091,1891.969971,282.593414
2020-01-09,36.005562,130.205444,96.267998,114.083595,1901.050049,287.129242
2020-01-10,35.668888,128.907562,95.629997,113.130951,1883.160034,285.038666
2020-01-13,36.024269,129.978104,104.972,112.644913,1891.300049,287.56076
2020-01-14,35.893341,131.493866,107.584,112.936539,1869.439941,287.445679
2020-01-15,35.865284,129.523361,103.699997,112.061661,1862.02002,288.471771
2020-01-16,36.11779,130.025452,102.697998,112.664352,1877.939941,290.590973
2020-01-17,36.258072,130.925461,102.099998,111.750587,1864.719971,292.17334
2020-01-21,35.4725,129.637024,109.440002,112.363007,1892,300.401123
2020-01-22,35.603424,129.485458,113.912003,112.858772,1887.459961,299.087341
2020-01-23,35.2761,129.352829,114.440002,112.576866,1884.579956,300.036743
2020-01-24,35.089058,126.141258,112.963997,111.177071,1861.640015,297.764038
2020-01-27,34.144497,125.080231,111.603996,112.625473,1828.339966,296.747498
2020-01-28,34.350243,127.353889,113.379997,113.34481,1853.25,298.090088
2020-01-29,34.322186,127.164413,116.197998,112.65464,1858,296.872192
2020-01-30,34.64016,128.737061,128.162003,113.325371,1870.680054,296.766724
2020-01-31,33.938751,125.392845,130.113998,111.293716,2008.719971,292.978821
2020-02-03,33.723656,126.34967,156,111.079857,2004.199951,289.603302
2020-02-04,34.172558,128.16861,177.412003,112.051933,2049.669922,292.384247
2020-02-05,34.584042,130.347549,146.940002,113.54895,2039.869995,296.268066
2020-02-06,34.69627,130.366516,149.792007,113.062912,2050.22998,298.487885
2020-02-07,34.883312,129.949631,149.613998,113.19899,2079.280029,301.390015
2020-02-10,35.01424,130.489655,154.255997,112.032494,2133.909912,301.543793
2020-02-11,35.771763,130.735977,154.876007,112.178314,2150.800049,298.555145
2020-02-12,36.099087,130.735977,153.457993,112.615746,2160,302.82193
2020-02-13,35.734356,130.622299,160.800003,114.161362,2149.870117,305.781677
2020-02-14,35.481846,130.224411,160.005997,114.598801,2134.870117,305.887329
2020-02-18,33.499203,128.500198,171.679993,116.290222,2155.669922,309.481384
2020-02-19,33.882637,130.252823,183.483994,114.394661,2170.219971,310.413544
2020-02-20,33.826527,130.252823,179.882004,114.404388,2153.100098,311.43219
2020-02-21,34.097736,128.66124,180.199997,115.269524,2095.969971,309.385315
2020-02-24,33.199936,125.203377,166.757996,113.072624,2009.290039,301.380432
2020-02-25,32.563992,119.613953,159.981995,111.196503,1972.73999,292.971893
2020-02-26,33.358921,119.973938,155.759995,110.603546,1979.589966,293.759888
2020-02-27,32.588062,114.981354,135.800003,107.317902,1884.300049,281.690125
2020-02-28,32.347172,109.998222,133.598007,104.673843,1883.75,270.16803
2020-03-02,32.539886,115.123444,148.723999,112.644913,1953.949951,297.075287
2020-03-03,31.383595,110.803474,149.102005,109.757828,1908.98999,290.915436
2020-03-04,32.019558,113.541359,149.899994,113.510063,1975.829956,308.222534
2020-03-05,31.537767,107.970856,144.908005,112.6838,1924.030029,303.43692
2020-03-06,31.084888,102.390915,140.695999,113.957222,1901.089966,299.189392
2020-03-09,29.340822,88.521523,121.599998,113.889175,1800.609985,290.194702
2020-03-10,30.51638,95.399361,129.065994,116.445755,1891.819946,297.325104
2020-03-11,29.784063,90.908867,126.846001,111.23539,1820.859985,285.822266
2020-03-12,27.510029,83.415237,112.110001,101.14518,1676.609985,268.928345
2020-03-13,28.810856,98.440407,109.323997,110.914604,1785,290.473389
2020-03-16,27.114964,83.708908,89.014,103.779526,1689.150024,272.128418
2020-03-17,28.618141,88.824669,86.040001,115.930557,1807.839966,295.009125
2020-03-18,27.55821,79.474213,72.244003,119.157875,1830,295.499268
2020-03-19,28.020723,80.809998,85.528,116.629028,1880.930054,293.308258
2020-03-20,27.760559,79.104736,85.505997,111.27845,1846.089966,279.085876
2020-03-23,27.105328,74.870033,86.858002,111.581123,1902.829956,274.386658
2020-03-24,28.512146,83.77523,101,112.3134,1940.099976,273.819733
2020-03-25,28.618141,86.901535,107.849998,106.816368,1885.839966,269.898895
2020-03-26,29.032475,92.955177,105.632004,107.226456,1955.48999,280.892426
2020-03-27,27.818375,86.333099,102.872002,106.992119,1900.099976,273.23349
2020-03-30,27.808739,88.578369,100.426003,112.469627,1963.949951,279.758514
2020-03-31,26.9897,85.291016,104.800003,110.936722,1949.719971,274.002289
2020-04-01,24.224243,79.919464,96.311996,111.444427,1907.699951,275.587891
2020-04-02,23.636465,82.903664,90.893997,115.847923,1918.829956,280.104462
2020-04-03,23.443748,80.453217,96.001999,116.658318,1906.589966,277.384949
2020-04-06,24.503681,85.631699,103.248001,123.09269,1997.589966,293.212128
2020-04-07,24.667488,86.7612,109.089996,119.109039,2011.599976,291.780273
2020-04-08,25.062553,90.26458,109.767998,118.962578,2043,294.028992
2020-04-09,25.785234,98.362549,114.599998,118.923531,2042.76001,288.301636
2020-04-13,25.476891,93.988121,130.190002,122.340866,2168.870117,287.926788
2020-04-14,25.871954,91.413239,141.977997,125.953484,2283.320068,301.880066
2020-04-15,24.522953,86.904793,145.966003,125.719147,2307.679932,298.161133
2020-04-16,24.339872,83.59285,149.042007,129.204865,2408.189941,309.010559
2020-04-17,25.014374,91.106918,150.778,128.999817,2375,305.512634
2020-04-20,24.590403,87.785408,149.272003,126.783409,2393.610107,299.900543
2020-04-21,23.781,85.239243,137.343994,126.158539,2328.120117,289.570068
2020-04-22,24.060436,85.516838,146.421997,128.482315,2363.48999,297.34436
2020-04-23,24.098978,85.564705,141.126007,125.494598,2399.449951,293.481201
2020-04-24,24.070072,86.828209,145.029999,126.38311,2410.219971,298.430206
2020-04-27,24.879475,90.570885,159.75,125.270035,2376,296.72934
2020-04-28,24.937288,91.212212,153.824005,124.977112,2314.080078,293.048767
2020-04-29,25.61179,93.672249,160.102005,120.681015,2372.709961,295.105255
2020-04-30,24.792751,91.662094,156.376007,118.679436,2474,291.840118
2020-05-01,24.359144,89.259506,140.264008,120.017075,2286.040039,290.799927
2020-05-04,23.858086,88.197014,152.238007,120.778664,2315.98999,293.275208
2020-05-05,23.983349,88.062996,153.641998,121.78434,2317.800049,296.578918
2020-05-06,23.915899,86.407051,156.516006,120.3881,2351.26001,297.513184
2020-05-07,24.291693,87.306816,156.007996,119.53492,2367.610107,293.766418
2020-05-08,24.696394,88.733047,163.884003,120.564629,2379.610107,294.671844
2020-05-11,24.561495,86.119881,162.257996,121.28051,2409,298.900146
2020-05-12,24.11825,83.305687,161.882004,121.388397,2356.949951,293.612366
2020-05-13,23.800272,80.434074,158.192001,121.31974,2367.919922,291.01181
2020-05-14,23.646101,83.774719,160.666,121.035355,2388.850098,288.700165
2020-05-15,23.443748,82.224045,159.834,123.506668,2409.780029,288.189697
2020-05-18,24.339872,86.57933,162.725998,125.193436,2426.26001,291.608948
2020-05-19,23.992985,84.875504,161.602005,122.535789,2449.330078,293.410095
2020-05-20,24.214607,87.421684,163.112,123.026131,2497.939941,293.679779
2020-05-21,23.5112,86.31131,165.520004,122.575012,2446.73999,290.848053
2020-05-22,22.133289,85.641273,163.376007,121.92778,2436.879883,291.291107
2020-05-26,22.94269,91.719536,163.774002,121.46685,2421.860107,293.573822
2020-05-27,23.289577,97.032036,164.046005,120.113518,2410.389893,294.739288
2020-05-28,22.730703,95.586647,161.162003,121.30014,2401.100098,298.158478
2020-05-29,22.210373,93.145782,167,121.662987,2442.370117,297.108673
2020-06-01,22.952326,94.380562,179.619995,121.564919,2471.040039,296.935272
2020-06-02,23.270306,94.696449,176.311996,121.545319,2472.409912,295.77948
2020-06-03,24.339872,99.80793,176.591995,121.084396,2478.399902,295.3461
2020-06-04,24.233879,101.885078,172.876007,119.750664,2460.600098,299.304657
2020-06-05,25.582882,106.470093,177.132004,119.211296,2483,300.547119
2020-06-08,25.698511,108.595085,189.983994,118.897476,2524.060059,295.875763
2020-06-09,24.812023,105.809616,188.134003,119.005341,2600.860107,294.296204
2020-06-10,24.36878,101.521324,205.009995,118.819031,2647.449951,296.01059
2020-06-11,22.663256,93.050056,194.567993,117.769691,2557.959961,289.750061
2020-06-12,23.106497,95.596222,187.056,115.465088,2545.02002,287.698486
2020-06-15,22.952326,96.917168,198.179993,115.798531,2572.679932,286.234467
2020-06-16,23.26067,97.692505,196.425995,117.338196,2615.27002,290.260498
2020-06-17,23.039047,95.222923,198.358002,116.730164,2640.97998,288.574982
2020-06-18,22.836699,94.706024,200.792007,115.710266,2653.97998,288.536438
2020-06-19,23.183584,93.624374,200.179993,117.534332,2675.01001,288.854279
2020-06-22,22.817427,92.609741,198.863998,119.328964,2713.820068,289.384033
2020-06-23,23.26067,93.73925,200.356003,118.730751,2764.409912,290.193115
2020-06-24,22.663256,90.609184,192.169998,117.975639,2734.399902,287.043549
2020-06-25,23.183584,93.767952,197.195999,117.397041,2754.580078,289.46109
2020-06-26,22.509085,88.627754,191.947998,116.03389,2692.870117,285.63736
2020-06-29,22.730703,89.02021,201.869995,116.759598,2680.379883,290.482025
2020-06-30,22.480175,90.034859,215.962006,117.465683,2758.820068,292.042358
2020-07-01,22.35491,89.269096,223.925995,117.377426,2878.699951,293.525665
2020-07-02,23.376301,89.559052,241.731995,116.906693,2890.300049,294.479187
2020-07-06,24.70603,91.82074,274.31601,116.59288,3057.040039,300.017426
2020-07-07,23.703915,89.230423,277.971985,124.497147,3000.120117,304.582855
2020-07-08,23.212492,90.177635,273.175995,122.035645,3081.110107,304.669525
2020-07-09,22.663256,88.225227,278.855988,125.281685,3182.629883,313.549927
2020-07-10,23.010141,93.048241,308.929993,128.155075,3200,314.214539
2020-07-13,23.019777,94.382065,299.411987,127.017487,3104,311.026459
2020-07-14,23.077591,94.923317,303.359985,129.459366,3084,315.919342
2020-07-15,23.385937,96.392448,309.201996,129.4496,3008.870117,314.667236
2020-07-16,23.231762,96.663078,300.127991,129.645706,2999.899902,314.253052
2020-07-17,22.749977,94.874985,300.167999,129.194595,2961.969971,312.827576
2020-07-20,22.769247,94.04377,328.600006,128.929825,3196.840088,314.484222
2020-07-21,23.279942,96.08316,313.671997,129.773209,3138.290039,315.668884
2020-07-22,22.701796,95.387253,318.466003,130.096817,3099.909912,316.208282
2020-07-23,22.499449,95.667542,302.614014,129.096542,2986.550049,314.098938
2020-07-24,22.393454,94.990967,283.399994,128.704269,3008.909912,313.781128
2020-07-27,21.844215,93.65715,307.920013,128.67485,3055.209961,315.534088
2020-07-28,21.921303,94.063103,295.298004,129.214203,3000.330078,315.505188
2020-07-29,22.711432,96.344116,299.821991,128.164902,3033.530029,314.127869
2020-07-30,21.930939,93.773132,297.497986,127.605904,3051.879883,313.529388
2020-07-31,21.824944,93.405861,286.152008,126.899803,3164.679932,314.214722
2020-08-03,20.793921,92.883926,297,126.80175,3111.889893,317.873016
2020-08-04,21.1119,92.352333,297.399994,129.096542,3138.830078,327.979034
2020-08-05,21.025179,93.956779,297.003998,127.30188,3205.030029,328.152771
2020-08-06,20.601206,93.985779,297.915985,126.850792,3225,331.376648
2020-08-07,20.562664,96.054153,290.541992,127.458801,3167.459961,329.060089
2020-08-10,20.899916,97.271996,283.713989,129.331879,3148.159912,328.181763
2020-08-11,21.670773,100.345573,274.877991,127.684364,3080.669922,320.874847
2020-08-12,22.277826,99.495026,310.951996,129.341705,3162.23999,325.054352
2020-08-13,21.526237,98.944099,324.200012,129.834061,3161.02002,324.031219
2020-08-14,21.468422,98.982765,330.141998,130.572601,3148.02002,324.591064
2020-08-17,21.391338,96.373108,367.127991,133.526733,3182.409912,328.143158
2020-08-18,21.092628,95.029633,377.417999,132.650345,3312.48999,328.90567
2020-08-19,21.150444,95.251938,375.705994,130.385498,3260.47998,329.050476
2020-08-20,20.928822,94.111427,400.365997,128.573639,3297.370117,329.021515
2020-08-21,20.851736,94.063103,409.996002,129.617416,3284.719971,332.63147
2020-08-24,21.439516,96.711411,402.839996,129.322006,3307.459961,332.168182
2020-08-25,21.256437,97.136673,404.667999,128.632706,3346.48999,332.728027
2020-08-26,21.025179,95.773865,430.634003,128.701645,3441.850098,332.303284
2020-08-27,20.861372,98.924759,447.75,134.54097,3400,334.320679
2020-08-28,21.237167,99.330704,442.679993,138.154861,3401.800049,336.260803
2020-08-31,20.842098,96.837051,498.320007,136.727051,3450.959961,335.5755
2020-09-01,20.466305,96.788727,475.049988,145.333389,3499.120117,339.166168
2020-09-02,20.649385,98.248192,447.369995,145.422028,3531.449951,346.386169
2020-09-03,20.292862,97.938904,407,142.330032,3368,336.193237
2020-09-04,20.59157,100.055611,418.320007,140.646179,3294.620117,334.523376
2020-09-08,20.109785,96.57608,330.209991,136.333145,3149.840088,327.081329
2020-09-09,20.437397,97.494308,366.279999,137.751129,3268.610107,334.388245
2020-09-10,19.95561,96.489098,371.339996,134.718216,3175.110107,327.728058
2020-09-11,19.917068,97.687607,372.720001,134.609894,3116.219971,327.34198
2020-09-14,19.888161,99.040749,419.619995,135.220413,3102.969971,331.000275
2020-09-15,19.95561,95.957504,449.76001,135.259811,3156.129883,331.955841
2020-09-16,19.647268,96.363441,441.76001,134.17662,3078.100098,331.782135
2020-09-17,19.406374,95.261597,423.429993,134.600067,3008.72998,327.100708
2020-09-18,19.011309,95.058624,442.149994,133.221451,2954.909912,324.282166
2020-09-21,17.961014,92.120361,449.390015,134.974258,2960.469971,327.766693
2020-09-22,17.681578,91.115166,424.230011,136.195267,3128.98999,332.477081
2020-09-23,17.749029,89.636368,380.359985,133.910751,2999.860107,332.650818
2020-09-24,17.720121,89.559052,387.790009,134.609894,3019.790039,334.938446
2020-09-25,17.450321,90.341934,407.339996,135.171188,3095.129883,330.672028
2020-09-28,19.232931,92.941917,421.200012,135.151489,3174.050049,337.467346
2020-09-29,18.693329,92.159019,419.070007,135.043167,3144.879883,339.89978
2020-09-30,18.866774,93.048241,429.01001,137.770828,3148.72998,342.660339
2020-10-01,18.799324,93.724808,448.160004,140.892349,3221.26001,346.000061
2020-10-02,19.146212,94.614021,415.089996,138.351776,3125,342.670044
2020-10-05,19.232931,96.613808,425.679993,139.631912,3199.199951,346.115906
2020-10-06,19.261839,95.618782,413.980011,138.479797,3099.959961,345.893921
2020-10-07,19.627998,97.286911,425.299988,138.73584,3195.689941,350.40155
2020-10-08,19.579817,99.286682,425.920013,139.198639,3190.550049,352.399628
2020-10-09,19.396738,98.720894,434,140.596939,3286.649902,356.617737
2020-10-12,19.512369,99.930519,442.299988,142.044464,3442.929932,363.393707
2020-10-13,19.049852,98.31118,446.649994,143.994171,3443.629883,367.447723
2020-10-14,18.529522,97.7649,461.299988,141.739212,3363.709961,365.189087
2020-10-15,18.693329,99.228149,448.880005,142.320175,3338.649902,363.490234
2020-10-16,18.992039,99.023293,439.670013,142.497437,3272.709961,368.277863
2020-10-19,19.117304,97.355194,430.829987,140.764328,3207.209961,362.505707
2020-10-20,19.184752,97.911224,421.940002,141.699814,3217.01001,365.160126
2020-10-21,19.155846,96.935722,422.640015,142.192154,3184.939941,364.687103
2020-10-22,19.435282,100.359741,425.790009,141.355148,3176.399902,362.689087
2020-10-23,20.119419,101.266953,420.630005,141.650589,3204.399902,361.579071
2020-10-26,19.974884,98.759911,420.279999,139.986435,3207.040039,357.82428
2020-10-27,20.736109,96.896713,424.679993,140.685562,3286.330078,359.764404
2020-10-28,19.762897,94.175049,406.019989,137.898834,3162.780029,352.274109
2020-10-29,20.379585,94.789612,410.829987,137.780655,3211.01001,352.854401
2020-10-30,20.215776,95.638306,388.040009,136.628555,3036.149902,345.852631
2020-11-02,20.630114,97.794167,400.51001,138.253326,3004.47998,352.399902
2020-11-03,21.718952,100.876755,423.899994,140.596939,3048.409912,359.720764
2020-11-04,20.687927,97.794167,420.980011,139.789474,3241.159912,363.792236
2020-11-05,21.217894,101.793716,438.089996,141.276382,3322,372.554138
2020-11-06,21.468422,100.437775,429.950012,143.541229,3311.370117,372.969971
2020-11-09,23.694279,114.036293,421.26001,141.345322,3143.73999,352.989807
2020-11-10,23.569012,113.665588,410.359985,143.334442,3035.02002,354.556519
2020-11-11,24.388052,111.968216,417.130005,145.717422,3137.389893,360.64917
2020-11-12,23.376301,110.592773,411.76001,145.963593,3110.280029,363.347382
2020-11-13,23.636465,111.285378,408.5,148.238297,3128.810059,366.37439
2020-11-16,24.551859,114.426498,408.089996,150.109238,3131.060059,367.293152
2020-11-17,24.002623,113.265633,441.609985,147.086166,3135.659912,369.353058
2020-11-18,24.320601,112.426704,486.640015,146.810455,3105.459961,369.652832
2020-11-19,24.4555,112.729111,499.269989,149.794113,3117.02002,370.919739
2020-11-20,24.349508,111.763367,489.609985,147.942871,3099.399902,368.579346
2020-11-23,24.677124,114.982529,521.849976,148.622314,3098.389893,369.149963
2020-11-24,25.688875,120.299011,555.380005,149.045746,3118.060059,371.577362
2020-11-25,25.775599,119.040611,574,149.50856,3185.070068,374.991211
2020-11-27,25.910498,118.250458,585.76001,149.282089,3195.340088,375.610168
2020-11-30,24.946924,114.992279,567.599976,150.453888,3168.040039,378.878937
2020-12-01,26.295929,116.806717,584.76001,150.306183,3220.080078,384.625092
2020-12-02,26.768078,119.050369,568.820007,148.218597,3203.530029,380.595825
2020-12-03,27.134235,118.269966,593.380005,147.017242,3186.72998,371.217377
2020-12-04,27.336588,119.343025,599.039978,146.633209,3162.580078,370.602081
2020-12-07,26.324835,118.894287,641.76001,145.845459,3158,370.502838
2020-12-08,25.650335,119.01136,649.880005,147.164963,3177.290039,374.74054
2020-12-09,25.92977,118.084625,604.47998,146.003006,3104.199951,371.455566
2020-12-10,25.804506,117.32373,627.070007,145.32106,3101.48999,369.966949
2020-12-11,25.582882,116.631119,609.98999,145.28154,3116.419922,372.25946
2020-12-14,25.708147,115.401993,639.830017,143.947311,3156.969971,371.544891
2020-12-15,25.958677,117.372513,633.25,143.878128,3165.120117,369.063812
2020-12-16,25.688875,117.713943,622.77002,143.729874,3240.959961,366.642303
2020-12-17,25.717783,116.738426,655.900024,144.392059,3236.080078,367.48587
2020-12-18,25.245632,116.162888,695,144.243805,3201.649902,364.220764
2020-12-21,24.648216,120.523392,649.859985,144.26358,3206.179932,362.206146
2020-12-22,24.600039,118.689438,640.340027,142.514267,3206.52002,359.288391
2020-12-23,25.081825,122.006142,645.97998,141.545715,3185.27002,359.149506
2020-12-24,25.101095,121.469612,661.77002,141.822449,3172.689941,361.819092
2020-12-28,24.908382,122.269516,663.690002,143.522339,3283.959961,368.250031
2020-12-29,24.879475,121.947617,665.98999,142.613113,3322,369.897461
2020-12-30,24.995102,122.28904,694.780029,142.494492,3285.850098,371.614349
2020-12-31,24.966194,123.957146,705.669983,142.464844,3256.929932,373.926697
2021-01-04,24.802387,122.786545,729.77002,144.817017,3186.629883,377.271179
2021-01-05,24.985466,123.454666,735.109985,144.046158,3218.51001,372.894592
2021-01-06,27.182415,129.251587,755.97998,144.945511,3138.379883,367.217865
2021-01-07,27.047516,133.496094,816.039978,144.935623,3162.159912,365.13382
2021-01-08,26.854801,133.643478,880.02002,144.915863,3182.699951,367.138519
2021-01-11,26.488642,135.638031,811.190002,145.56813,3114.209961,361.253418
2021-01-12,26.9897,137.770111,849.440002,147.2285,3120.830078,361.441986
2021-01-13,26.421192,137.897827,854.409973,145.726273,3165.889893,364.171143
2021-01-14,26.777716,138.703491,845,145.251892,3127.469971,359.605988
2021-01-15,26.353743,136.217712,826.159973,142.949112,3104.25,359.417419
2021-01-19,26.9897,135.628189,844.549988,141.71373,3120.76001,351.785675
2021-01-20,26.796986,133.594345,850.450012,143.808945,3263.379883,358.563934
2021-01-21,27.413675,132.474289,844.98999,143.156677,3306.98999,360.052582
2021-01-22,26.806622,131.452438,846.640015,144.61937,3292.22998,359.556335
2021-01-25,26.305563,129.811615,880.799988,144.490875,3294,359.139557
2021-01-26,26.498278,129.281067,883.090027,145.785553,3326.129883,362.216064
2021-01-27,26.295929,125.626053,864.159973,142.158478,3232.580078,353.691132
2021-01-28,26.122484,127.836739,835.429993,142.069534,3237.620117,354.356079
2021-01-29,25.197453,126.421906,793.530029,138.847641,3206.199951,349.761078
2021-02-01,25.341988,127.355293,839.809998,137.641907,3342.879883,347.86554
2021-02-02,25.621426,131.275589,872.789978,139.124374,3380,352.887268
2021-02-03,25.525068,132.778854,854.690002,139.549332,3312.530029,352.52005
